代码,时间,开盘价,最高价,最低价,收盘价,成交量(股),成交额(元)
SH000858,2015-12-03,9240.6700,9537.2600,9240.6700,9537.2600,1053150500,24442464256.00
SH000858,2015-12-04,9484.1500,9610.0900,9397.4500,9456.0000,1169804200,27319926784.00
SH000858,2015-12-07,9474.5900,9601.5700,9374.0700,9569.5100,1021736400,24635312128.00
SH000858,2015-12-08,9510.3000,9536.0700,9338.1500,9383.6400,1144367700,26608300032.00
SH000858,2015-12-09,9320.7500,9391.2600,9231.5300,9313.6600,1008418600,24162902016.00
SH000858,2015-12-10,9311.7800,9440.6200,9290.1300,9312.5800,962472200,24386072576.00
SH000858,2015-12-11,9290.2100,9345.0200,9235.0200,9261.4400,935729500,21420281856.00
SH000858,2015-12-14,9178.5000,9379.6700,9137.1000,9379.0300,915174200,21302173696.00
SH000858,2015-12-15,9404.4800,9595.8900,9397.6300,9554.2600,1069879600,25745063936.00
SH000858,2015-12-16,9601.7000,9702.4200,9586.8400,9638.7900,1217488800,30750244864.00
SH000858,2015-12-17,9681.5800,9865.2700,9681.5800,9865.2700,1587795600,37938954240.00
SH000858,2015-12-18,9838.2500,9876.0100,9710.3700,9757.7100,1342032100,32835248128.00
SH000858,2015-12-21,9739.7200,9764.1300,9649.7500,9720.0300,1178622300,29172461568.00
SH000858,2015-12-22,9727.5200,9859.9900,9702.7300,9849.0000,1329243100,32059375616.00
SH000858,2015-12-23,9848.7000,9857.0800,9681.4800,9697.3300,1401571900,33853140992.00
SH000858,2015-12-24,9679.5800,9707.0500,9523.4000,9682.3900,1001959800,23975227392.00
SH000858,2015-12-25,9683.7000,9728.3900,9628.1800,9685.5600,840453700,20381100032.00
SH000858,2015-12-28,9717.6800,9811.3800,9509.8300,9509.8300,1255251800,29834795008.00
SH000858,2015-12-29,9493.9600,9613.0300,9431.1100,9613.0300,897715400,22478184448.00
SH000858,2015-12-30,9651.2600,9773.6000,9638.9000,9753.9100,1247558100,30131714048.00
SH000858,2015-12-31,9754.2100,9778.0100,9508.7200,9511.1600,1081788600,28983441408.00
SH000858,2016-01-04,9507.1600,9514.1900,8735.4300,8735.7300,958860100,21979006976.00
SH000858,2016-01-05,8266.2200,8687.3700,8189.4800,8466.4300,1320238900,28071378944.00
SH000858,2016-01-06,8517.1900,8634.9000,8400.2300,8627.3800,1009061100,22609129472.00
SH000858,2016-01-07,8456.8100,8456.8100,7946.0900,7951.4300,274298600,5524359168.00
SH000858,2016-01-08,8093.0000,8154.3300,7582.7800,7928.4500,1167752600,22670778368.00
SH000858,2016-01-11,7741.8400,7814.3100,7370.5700,7370.5700,1042758100,19364984832.00
SH000858,2016-01-12,7355.5100,7511.3100,7236.5400,7414.6400,922792500,16963545088.00
SH000858,2016-01-13,7449.5200,7527.9200,7134.7500,7137.4600,904724100,16541841408.00
SH000858,2016-01-14,6907.0300,7462.3500,6898.9400,7445.4900,1018299500,18364004352.00
SH000858,2016-01-15,7392.8300,7479.1700,7165.5100,7219.0300,967785800,18322313216.00
SH000858,2016-01-18,7077.2000,7503.3400,7077.1300,7416.6900,872697900,16710924288.00
SH000858,2016-01-19,7390.3900,7682.3600,7369.8900,7671.4800,1007780900,19476512768.00
SH000858,2016-01-20,7624.3900,7739.8700,7530.8300,7595.5700,1049589600,19959322624.00
SH000858,2016-01-21,7477.8500,7682.3000,7283.1100,7283.4700,931043800,17760004096.00
SH000858,2016-01-22,7381.4100,7466.9800,7193.3600,7431.6000,834453700,15328120832.00
SH000858,2016-01-25,7500.2300,7587.5300,7428.7700,7509.2800,759318200,14249723904.00
SH000858,2016-01-26,7420.0800,7431.0100,6971.8500,6988.9800,970603800,17044002816.00
SH000858,2016-01-27,7015.9000,7041.1300,6577.2000,6934.1900,1020961400,16887828480.00
SH000858,2016-01-28,6836.2100,6903.8800,6580.2900,6597.7900,742408300,12344862720.00
SH000858,2016-01-29,6603.4800,6916.1800,6588.5400,6853.1000,812468100,13491341312.00
SH000858,2016-02-01,6840.6000,6899.9000,6691.4800,6804.4500,700033200,11832702976.00
SH000858,2016-02-02,6822.2200,7107.9100,6822.2200,7077.1500,807625100,14100566016.00
SH000858,2016-02-03,6990.8400,7170.1700,6946.7800,7134.4600,834336500,14473908224.00
SH000858,2016-02-04,7149.7200,7288.5600,7149.7200,7250.4900,860745700,15363532800.00
SH000858,2016-02-05,7250.8100,7276.7800,7131.4200,7131.4200,635683300,10873645056.00
SH000858,2016-02-15,6907.6200,7187.9200,6907.6200,7149.0800,691819100,12402951168.00
SH000858,2016-02-16,7177.3300,7492.7200,7176.7300,7472.2200,1022059000,19724179456.00
SH000858,2016-02-17,7460.1200,7577.5900,7388.6100,7565.9300,1115654600,20597008384.00
SH000858,2016-02-18,7641.5300,7665.6200,7536.4700,7550.7600,1106442200,19566397440.00
SH000858,2016-02-19,7535.3800,7685.0400,7530.0400,7626.3400,963303400,18828589056.00
SH000858,2016-02-22,7725.9500,7738.3000,7662.5000,7738.3000,1027409700,19430588416.00
SH000858,2016-02-23,7734.0000,7762.8500,7573.3700,7675.2700,973792700,18706098176.00
SH000858,2016-02-24,7641.4900,7698.3000,7488.9000,7660.2200,969666300,18233532416.00
SH000858,2016-02-25,7646.2300,7646.2300,7095.9600,7110.4100,1246431600,22023114752.00
SH000858,2016-02-26,7139.8100,7182.3200,6920.0400,7066.3800,916738000,16407595008.00
SH000858,2016-02-29,6996.1300,6997.9100,6575.7500,6623.4800,963168000,15100063744.00
SH000858,2016-03-01,6602.6800,6796.9200,6452.1200,6748.5300,930707500,15406406656.00
SH000858,2016-03-02,6721.2200,7063.4000,6715.4800,7042.4300,1260738400,19747524608.00
SH000858,2016-03-03,7025.5700,7199.9600,7013.8400,7044.7600,1280864800,21337868288.00
SH000858,2016-03-04,7009.2800,7055.3600,6698.5600,6771.1500,1193697600,18823892992.00
SH000858,2016-03-07,6835.9300,7013.3400,6835.9300,6939.8000,896235800,14444801024.00
SH000858,2016-03-08,6914.3900,7010.2700,6653.0200,7010.2700,1014438600,16377010176.00
SH000858,2016-03-09,6860.1300,7022.2900,6823.2600,6889.4600,826167700,13700081664.00
SH000858,2016-03-10,6852.9700,6907.6200,6723.9200,6728.0100,724769200,11647735808.00
SH000858,2016-03-11,6587.4400,6698.7800,6550.8000,6668.1100,611166500,9733150720.00
SH000858,2016-03-14,6706.7600,6965.3400,6706.7600,6884.5500,1105927800,18727661568.00
SH000858,2016-03-15,6830.1300,6887.4300,6762.3200,6787.7700,1117706000,20560068608.00
SH000858,2016-03-16,6826.7000,6858.3800,6637.1800,6689.5900,970973800,16716832768.00
SH000858,2016-03-17,6720.3900,6993.7500,6719.1100,6981.1100,1405615600,25651660800.00
SH000858,2016-03-18,7019.7900,7300.0800,7007.1700,7261.7800,1876153600,35009355776.00
SH000858,2016-03-21,7361.4900,7456.7700,7325.3000,7456.7700,1869274600,35082297344.00
SH000858,2016-03-22,7364.0300,7520.9800,7334.0100,7430.6900,1530109000,28827500544.00
SH000858,2016-03-23,7400.3600,7529.7200,7393.2400,7528.7500,1357179900,26385627136.00
SH000858,2016-03-24,7458.0700,7583.1300,7387.6100,7399.3900,1523656900,30279051264.00
SH000858,2016-03-25,7372.2900,7466.4600,7330.2200,7442.1300,1066957200,20890769408.00
SH000858,2016-03-28,7500.0900,7561.5500,7356.9800,7384.6500,1168738300,22885367808.00
SH000858,2016-03-29,7376.1500,7390.9100,7167.9400,7246.9200,1074450400,21042659328.00
SH000858,2016-03-30,7334.6300,7529.5700,7331.0200,7529.5700,1213106600,24636463104.00
SH000858,2016-03-31,7570.4100,7620.7200,7505.3100,7535.6300,1310266200,26560303104.00
SH000858,2016-04-01,7499.0400,7525.7300,7370.0300,7476.8400,1078557900,21984763904.00
SH000858,2016-04-05,7494.4900,7725.7300,7479.2400,7704.6500,1330488400,27058755584.00
SH000858,2016-04-06,7650.2800,7748.6800,7618.3500,7722.3600,1431836800,28509669376.00
SH000858,2016-04-07,7745.0400,7754.1400,7599.8600,7613.1000,1369395900,28858126336.00
SH000858,2016-04-08,7537.4000,7563.0300,7390.7600,7504.8200,1241299100,25237762048.00
SH000858,2016-04-11,7584.1000,7719.8000,7576.0400,7656.5800,1293608500,25825165312.00
SH000858,2016-04-12,7640.0500,7672.1600,7478.0000,7582.5700,1072481100,22508302336.00
SH000858,2016-04-13,7621.5000,7785.2100,7621.1700,7673.5900,1509180900,30771574784.00
SH000858,2016-04-14,7713.7700,7754.6400,7651.6700,7754.6400,1108164300,22212657152.00
SH000858,2016-04-15,7767.0000,7779.2300,7696.8000,7743.5900,1114492900,22193991680.00
SH000858,2016-04-18,7681.4000,7681.4000,7537.1900,7595.5200,1038144800,19710707712.00
SH000858,2016-04-19,7636.9100,7665.6100,7578.6200,7647.1700,932121200,18154178560.00
SH000858,2016-04-20,7677.3600,7690.9100,7165.9400,7285.1100,1543460800,28912228352.00
SH000858,2016-04-21,7252.1800,7335.8200,7149.0300,7161.8200,1035949100,19126546432.00
SH000858,2016-04-22,7099.5800,7207.1900,7084.1300,7207.1900,763638900,14360631296.00
SH000858,2016-04-25,7188.3400,7188.3400,7037.8600,7130.7800,720313400,13214015488.00
SH000858,2016-04-26,7119.7000,7240.8900,7114.5900,7240.8900,802812100,15043276800.00
SH000858,2016-04-27,7246.2000,7304.2000,7187.9900,7205.4300,859720200,16529563648.00
SH000858,2016-04-28,7208.4800,7224.1200,7059.7500,7204.8000,830252700,15396037632.00
SH000858,2016-04-29,7161.7800,7237.5600,7144.7200,7181.7400,715662800,12984827904.00
SH000858,2016-05-03,7193.0000,7410.8900,7144.4000,7410.8900,1056412200,19730075648.00
SH000858,2016-05-04,7384.5700,7519.5200,7373.0700,7452.6900,1232750200,23043520512.00
SH000858,2016-05-05,7445.9400,7505.1300,7416.8700,7502.1500,1037981800,18877294592.00
SH000858,2016-05-06,7503.5200,7533.5800,7169.2600,7169.2600,1475113300,25431255040.00
SH000858,2016-05-09,7101.0600,7101.0600,6854.7300,6892.0000,1090121500,18179840000.00
SH000858,2016-05-10,6863.2400,6912.9300,6816.9200,6857.0200,779646700,12837711872.00
SH000858,2016-05-11,6886.7700,6905.0400,6751.8900,6752.9600,756082300,12770505728.00
SH000858,2016-05-12,6622.8700,6785.8700,6514.1100,6785.7400,957796000,15416320000.00
SH000858,2016-05-13,6759.5700,6864.2700,6745.0700,6784.8700,911396600,15006118912.00
SH000858,2016-05-16,6754.3900,6938.2000,6721.5800,6938.2000,1092937000,16669685760.00
SH000858,2016-05-17,6943.8100,7027.4600,6881.2000,6936.5300,1311165700,21096013824.00
SH000858,2016-05-18,6865.8400,6865.8400,6643.8300,6741.3700,1143704200,18243393536.00
SH000858,2016-05-19,6741.8600,6929.3800,6741.8600,6848.3500,1219953600,20304496640.00
SH000858,2016-05-20,6771.5800,6968.4300,6742.4800,6968.4300,1225132700,20312029184.00
SH000858,2016-05-23,7009.4800,7107.6500,7009.4800,7106.6600,1443363100,24202946560.00
SH000858,2016-05-24,7087.3400,7087.5300,6960.3200,7022.9300,1180286500,18847580160.00
SH000858,2016-05-25,7079.9200,7119.6600,6962.4600,6995.9400,1138689000,18931609600.00
SH000858,2016-05-26,6968.3900,7088.7900,6844.1300,7088.6600,1335770100,21632028672.00
SH000858,2016-05-27,7064.2500,7188.2600,7055.0800,7110.7100,1548608600,25447858176.00
SH000858,2016-05-30,7067.3200,7202.5000,7016.7900,7114.2300,1174473700,19620739072.00
SH000858,2016-05-31,7146.4900,7480.0000,7146.4900,7479.8100,1881548800,33276682240.00
SH000858,2016-06-01,7503.1500,7615.5800,7485.7100,7544.9300,1979123200,38242070528.00
SH000858,2016-06-02,7506.6100,7633.2800,7497.9400,7633.2800,1733760600,30843772928.00
SH000858,2016-06-03,7625.8700,7703.7900,7582.3700,7627.1900,1631619000,30976397312.00
SH000858,2016-06-06,7670.0300,7703.9100,7582.8200,7666.3500,1376167800,26944077824.00
SH000858,2016-06-07,7660.7700,7672.1700,7596.8700,7655.7900,1336330900,24835356672.00
SH000858,2016-06-08,7639.6700,7696.5200,7558.2600,7639.6200,1419996000,27708868608.00
SH000858,2016-06-13,7509.4900,7596.9500,7161.0600,7161.1200,1562084000,29105135616.00
SH000858,2016-06-14,7122.9800,7206.5500,7060.4600,7154.6700,1111178100,19853494272.00
SH000858,2016-06-15,7082.2400,7540.0600,7076.9200,7495.6600,1616163300,29538269184.00
SH000858,2016-06-16,7485.3300,7585.1300,7451.5200,7488.1500,1644720200,31581044736.00
SH000858,2016-06-17,7515.3000,7598.7900,7459.6500,7525.8000,1408698100,26722365440.00
SH000858,2016-06-20,7539.8900,7665.3200,7469.6700,7650.2800,1410838200,25784485888.00
SH000858,2016-06-21,7729.3000,7754.4100,7442.7700,7492.0300,1604782700,31121954816.00
SH000858,2016-06-22,7458.5800,7666.1400,7441.5100,7665.7700,1299068800,24029392896.00
SH000858,2016-06-23,7663.2600,7724.6500,7569.5300,7639.7900,1596854100,28622567424.00
SH000858,2016-06-24,7612.5200,7685.5800,7287.7300,7564.4000,1833118400,32414926848.00
SH000858,2016-06-27,7510.1600,7864.5600,7510.1600,7863.9200,1830731200,33878753280.00
SH000858,2016-06-28,7834.4000,7990.9200,7829.8400,7989.1700,1946343600,36615348224.00
SH000858,2016-06-29,8042.6300,8053.0100,7925.9500,7954.6500,1659312200,30267928576.00
SH000858,2016-06-30,7950.4100,7984.5300,7910.6500,7958.0300,1593952800,28881840128.00
SH000858,2016-07-01,7977.5000,8015.6600,7868.7600,7894.1800,1402520700,25273174016.00
SH000858,2016-07-04,7822.1100,8031.7000,7814.7300,8011.6500,1494250600,26573996032.00
SH000858,2016-07-05,8030.4200,8052.3600,7965.0400,8029.5000,1470481900,26818258944.00
SH000858,2016-07-06,7999.9800,8029.4500,7957.2100,7991.4500,1209441100,21675603968.00
SH000858,2016-07-07,7976.5100,8031.1600,7870.3500,7993.7300,1770240800,31583488000.00
SH000858,2016-07-08,7985.0100,8058.6800,7951.1400,7989.8800,1395116900,24910592000.00
SH000858,2016-07-11,8037.3000,8095.0600,7964.9500,7968.5600,1610906800,29899044864.00
SH000858,2016-07-12,7966.0100,8039.5600,7801.2500,8038.4300,1788928000,30474518528.00
SH000858,2016-07-13,8067.9500,8138.4000,8008.6600,8122.5400,1655446000,29539493888.00
SH000858,2016-07-14,8105.9400,8150.3100,8066.6900,8126.4400,1506197100,26988627968.00
SH000858,2016-07-15,8116.7800,8125.2700,8013.0400,8047.6600,1287105400,23552239616.00
SH000858,2016-07-18,8031.1200,8050.0600,7941.2800,7980.7500,1188506100,21330735104.00
SH000858,2016-07-19,7986.9100,8073.6900,7933.0900,8073.4300,1281452800,21739028480.00
SH000858,2016-07-20,8061.3800,8127.0800,8039.3400,8067.2800,1160467000,20980828160.00
SH000858,2016-07-21,8058.8900,8174.1100,8041.2500,8099.7700,1457036000,25250619392.00
SH000858,2016-07-22,8085.1100,8138.4800,8056.7300,8071.7700,1575250000,26975410176.00
SH000858,2016-07-25,8057.3400,8125.9000,8016.6700,8058.6300,1509726900,24367251456.00
SH000858,2016-07-26,8057.5100,8138.9000,8054.4300,8138.9000,1187512300,19597228032.00
SH000858,2016-07-27,8156.3200,8179.2900,7640.0400,7725.6200,2207390000,37510840320.00
SH000858,2016-07-28,7711.9800,7747.1800,7505.4000,7619.1300,1398402400,23242600448.00
SH000858,2016-07-29,7629.9200,7642.8400,7504.6900,7526.6100,948216800,15597287424.00
SH000858,2016-08-01,7492.6800,7492.6800,7307.3700,7407.8100,994783000,15585477632.00
SH000858,2016-08-02,7402.4200,7468.7200,7392.2400,7468.4900,670472800,11012812800.00
SH000858,2016-08-03,7452.5200,7510.0400,7429.4400,7497.2500,807589300,12953385984.00
SH000858,2016-08-04,7501.9000,7608.4600,7493.8900,7591.7800,935519100,15709913088.00
SH000858,2016-08-05,7584.3900,7610.2700,7501.9000,7502.6700,912236900,15148846080.00
SH000858,2016-08-08,7479.1000,7585.7900,7402.7900,7585.7900,789069700,12863858688.00
SH000858,2016-08-09,7579.8300,7673.8200,7577.4900,7673.5500,924500200,15509960704.00
SH000858,2016-08-10,7666.8300,7701.6000,7627.1300,7627.1300,807099500,13862076416.00
SH000858,2016-08-11,7605.2400,7621.7900,7487.8900,7489.0700,830681200,13498752000.00
SH000858,2016-08-12,7476.8400,7571.0800,7468.1700,7569.7300,687039000,11332849664.00
SH000858,2016-08-15,7589.3400,7787.8400,7522.2900,7778.4600,1273204800,21437640704.00
SH000858,2016-08-16,7784.4000,7821.2300,7773.6000,7798.4600,1139994300,18960764928.00
SH000858,2016-08-17,7796.9200,7847.7800,7771.5600,7827.4700,1085146200,17586745344.00
SH000858,2016-08-18,7840.5000,7851.9300,7773.6200,7805.4300,1056781200,18069952512.00
SH000858,2016-08-19,7804.1400,7848.8900,7782.0900,7825.8000,982829900,14768166912.00
SH000858,2016-08-22,7825.8200,7832.5300,7704.5300,7704.5300,1107403800,15469262848.00
SH000858,2016-08-23,7704.4700,7741.0200,7646.4300,7708.7900,975074900,12618063872.00
SH000858,2016-08-24,7711.5600,7804.7700,7707.6600,7768.9500,898972600,13728619520.00
SH000858,2016-08-25,7725.0600,7727.8800,7615.6000,7711.9900,1065912200,15811317760.00
SH000858,2016-08-26,7743.6800,7840.7800,7743.6800,7765.3900,1178987800,16653645824.00
SH000858,2016-08-29,7754.1700,7820.3200,7749.3200,7804.0800,1109249600,15002157056.00
SH000858,2016-08-30,7803.1900,7855.5600,7786.1200,7802.7400,936286500,14096369664.00
SH000858,2016-08-31,7789.2200,7803.3100,7735.6900,7787.2400,979777900,14138109952.00
SH000858,2016-09-01,7784.2500,7815.6300,7749.7100,7749.7600,1066494200,14718895104.00
SH000858,2016-09-02,7729.8400,7758.1000,7623.5000,7674.0800,1195173900,16689479680.00
SH000858,2016-09-05,7698.8100,7737.1100,7676.5000,7695.4800,921229900,13967960064.00
SH000858,2016-09-06,7693.8400,7850.4400,7623.7400,7849.5800,1329377200,19343583232.00
SH000858,2016-09-07,7849.2800,7879.3600,7800.0800,7811.6400,1265667100,18686664704.00
SH000858,2016-09-08,7801.8800,7846.8500,7785.1700,7837.5500,917591000,14197550080.00
SH000858,2016-09-09,7838.1300,7860.6000,7761.4900,7762.6400,963085300,14885105664.00
SH000858,2016-09-12,7618.7500,7641.7800,7496.5500,7499.1900,1151647600,16524822528.00
SH000858,2016-09-13,7547.7600,7591.6500,7529.4500,7571.7800,878726100,13304460288.00
SH000858,2016-09-14,7546.3800,7611.9000,7517.9900,7542.3700,754194100,12526176256.00
SH000858,2016-09-19,7569.1500,7626.7500,7569.1500,7607.6000,686706600,10653710336.00
SH000858,2016-09-20,7600.8000,7604.0000,7558.6400,7594.5600,627404300,9965910016.00
SH000858,2016-09-21,7587.3900,7622.4300,7578.9000,7610.4000,662971000,10907961344.00
SH000858,2016-09-22,7651.4500,7664.4900,7623.5000,7640.2000,791562300,12306759680.00
SH000858,2016-09-23,7655.9000,7675.1200,7620.8100,7622.3900,796789300,12038936576.00
SH000858,2016-09-26,7627.3400,7630.1500,7453.3500,7456.3500,936130800,13855612928.00
SH000858,2016-09-27,7437.7000,7516.4100,7389.4600,7515.5300,706199700,10238453760.00
SH000858,2016-09-28,7525.8800,7538.5900,7490.5300,7518.3600,755027000,9884129280.00
SH000858,2016-09-29,7525.0400,7565.7600,7514.8800,7523.4500,660715400,9802567680.00
SH000858,2016-09-30,7516.6400,7544.7900,7508.5400,7525.0500,537034000,7864718336.00
SH000858,2016-10-10,7595.0600,7779.2300,7579.0200,7779.0200,990488100,16365282304.00
SH000858,2016-10-11,7784.9400,7812.3600,7773.9100,7811.6600,1073834200,16881090560.00
SH000858,2016-10-12,7771.7800,7808.0600,7760.6300,7789.9500,849220000,13411137536.00
SH000858,2016-10-13,7786.5600,7821.4200,7757.1300,7800.2200,775113200,12776471552.00
SH000858,2016-10-14,7790.4200,7792.7100,7704.5200,7747.8000,970229500,13810315264.00
SH000858,2016-10-17,7758.9100,7766.6300,7633.0200,7653.9800,893866200,13358917632.00
SH000858,2016-10-18,7646.1900,7791.8500,7645.6300,7791.6300,855567200,14311815168.00
SH000858,2016-10-19,7802.8000,7807.4800,7727.5500,7751.9700,770249800,12389634048.00
SH000858,2016-10-20,7757.3700,7796.5600,7743.6800,7784.2000,726829500,11579100160.00
SH000858,2016-10-21,7796.9800,7807.0000,7702.3500,7756.8200,937376000,15160042496.00
SH000858,2016-10-24,7763.3700,7819.3600,7742.9500,7801.2400,850077100,13440772096.00
SH000858,2016-10-25,7815.8000,7854.4500,7813.1900,7846.9300,947294900,16095677440.00
SH000858,2016-10-26,7841.6600,7843.8300,7753.4400,7776.9700,865659100,14058754048.00
SH000858,2016-10-27,7776.2600,7786.1200,7726.8200,7760.2300,789784800,12796619776.00
SH000858,2016-10-28,7759.1200,7796.3300,7680.9300,7681.1000,862882600,13503350784.00
SH000858,2016-10-31,7669.9300,7713.4300,7619.4200,7697.4400,794876900,13211886592.00
SH000858,2016-11-01,7699.0800,7751.3800,7685.2800,7749.2500,685160800,11369195520.00
SH000858,2016-11-02,7730.0000,7746.8800,7668.8800,7675.4400,727681200,11757228032.00
SH000858,2016-11-03,7660.0100,7750.5600,7653.3500,7696.1700,805424300,13142104064.00
SH000858,2016-11-04,7685.2200,7732.2400,7654.4300,7664.4000,720533400,12032600064.00
SH000858,2016-11-07,7657.6000,7683.3800,7624.3000,7667.5400,676102800,10944859136.00
SH000858,2016-11-08,7693.7200,7734.0500,7682.6400,7715.9300,703933600,11593858048.00
SH000858,2016-11-09,7718.1200,7721.1500,7544.4700,7626.6900,873047500,13875784704.00
SH000858,2016-11-10,7684.6700,7715.1300,7676.2800,7703.1800,758826500,12295579648.00
SH000858,2016-11-11,7702.4100,7704.4000,7653.0200,7698.0000,826289000,14193760256.00
SH000858,2016-11-14,7690.6300,7760.5500,7669.1300,7715.5400,949096100,15316107264.00
SH000858,2016-11-15,7715.5800,7748.9400,7684.3400,7748.1300,807239400,12673409024.00
SH000858,2016-11-16,7757.6700,7793.3900,7756.1100,7765.5800,938479500,15148865536.00
SH000858,2016-11-17,7749.5600,7749.5600,7675.2800,7696.8500,606916300,10550829056.00
SH000858,2016-11-18,7694.3500,7707.3200,7654.0900,7663.7000,551338000,9763017728.00
SH000858,2016-11-21,7652.5200,7681.5700,7635.4300,7661.2500,593618700,11496863744.00
SH000858,2016-11-22,7664.2800,7717.0800,7650.9000,7717.0000,637826000,12172234752.00
SH000858,2016-11-23,7734.3000,7741.6800,7656.2500,7665.3000,723784800,13439043584.00
SH000858,2016-11-24,7659.9800,7674.1200,7573.7300,7587.8600,641303500,11297457152.00
SH000858,2016-11-25,7586.6100,7641.4700,7484.7600,7641.2200,732164500,12490078208.00
SH000858,2016-11-28,7652.3800,7659.1300,7617.0000,7641.2800,702721500,12324608000.00
SH000858,2016-11-29,7645.1900,7661.0100,7585.2100,7586.1700,694985100,12605704192.00
SH000858,2016-11-30,7573.8900,7644.1800,7567.6400,7606.8100,684310200,12341173248.00
SH000858,2016-12-01,7605.6100,7611.0000,7578.1600,7596.0800,614014100,11106931712.00
SH000858,2016-12-02,7596.6400,7599.1800,7440.5400,7441.4900,674798500,11637566464.00
SH000858,2016-12-05,7388.0500,7480.3100,7376.1500,7431.6600,491671100,8332711424.00
SH000858,2016-12-06,7441.5200,7469.7100,7434.3800,7436.4300,438284200,7814590464.00
SH000858,2016-12-07,7439.0500,7484.6800,7419.6000,7484.3100,428393200,7631730688.00
SH000858,2016-12-08,7491.7000,7492.3100,7435.8600,7439.4400,455518500,8075811840.00
SH000858,2016-12-09,7432.1200,7440.6100,7378.2200,7382.8100,480841600,8591305728.00
SH000858,2016-12-12,7393.9000,7400.1500,7017.9200,7029.1500,704795400,12298446848.00
SH000858,2016-12-13,7017.3700,7088.3600,6978.7200,7067.1500,451155500,7983677952.00
SH000858,2016-12-14,7066.1900,7072.0700,6959.7200,6980.7200,441987300,7306720768.00
SH000858,2016-12-15,6956.0500,7108.3800,6946.5600,7053.3300,472299900,7853349888.00
SH000858,2016-12-16,7060.9800,7134.8800,7045.1900,7102.6600,420398400,7324926464.00
SH000858,2016-12-19,7095.5800,7095.5800,7028.1600,7045.1800,321886300,5369791488.00
SH000858,2016-12-20,7047.6600,7063.1600,7004.4300,7030.4400,336080000,5165192704.00
SH000858,2016-12-21,7043.2300,7091.7900,7043.2300,7084.9400,377127100,5811583488.00
SH000858,2016-12-22,7079.4800,7081.7700,7029.2700,7059.3400,335257400,5440698880.00
SH000858,2016-12-23,7083.6700,7090.5600,7020.7600,7026.6000,414317300,7270447104.00
SH000858,2016-12-26,7011.5000,7069.8400,6933.0400,7068.7500,416573500,7224517120.00
SH000858,2016-12-27,7072.4600,7093.7300,7055.4400,7062.9900,339992200,6086330368.00
SH000858,2016-12-28,7068.3900,7071.5000,7013.5000,7019.9700,295808700,5196444160.00
SH000858,2016-12-29,7015.9700,7045.9300,7003.8700,7011.0600,290765700,5138007040.00
SH000858,2016-12-30,7010.0500,7031.7200,6974.4100,7003.3800,289887500,4968604160.00
SH000858,2017-01-03,7016.3600,7061.9300,7015.8200,7047.5500,362962100,6509474816.00
SH000858,2017-01-04,7050.0200,7127.2900,7043.5800,7124.0400,452597600,7917323264.00
SH000858,2017-01-05,7127.7400,7155.9000,7117.8900,7134.8200,487714100,8449765376.00
SH000858,2017-01-06,7128.5800,7132.0400,7059.2400,7061.1400,406806800,7297170432.00
SH000858,2017-01-09,7052.1700,7095.8700,7030.8300,7095.7800,427666700,7461624832.00
SH000858,2017-01-10,7092.0800,7117.1300,7059.2000,7064.9600,393629400,6799753216.00
SH000858,2017-01-11,7051.1700,7071.0800,6987.4800,6987.5400,381779200,6565165056.00
SH000858,2017-01-12,6982.6000,7005.1700,6940.8600,6943.9400,344666400,5640943104.00
SH000858,2017-01-13,6941.7400,6958.7100,6831.4900,6843.3200,396552900,6217405952.00
SH000858,2017-01-16,6821.3200,6821.6300,6401.4800,6576.3200,590298500,9060961280.00
SH000858,2017-01-17,6560.3300,6679.8000,6507.7400,6675.5000,360830100,5848373248.00
SH000858,2017-01-18,6633.7300,6648.7200,6601.5500,6603.8800,371379200,5791757824.00
SH000858,2017-01-19,6586.2600,6613.3000,6549.0400,6580.3700,387907500,5800101376.00
SH000858,2017-01-20,6573.1300,6722.3400,6569.7900,6704.0800,419309600,6526225408.00
SH000858,2017-01-23,6725.4300,6769.2700,6717.6800,6732.3900,345692700,5482280448.00
SH000858,2017-01-24,6728.6600,6741.6300,6673.2500,6677.3500,333712000,5322611200.00
SH000858,2017-01-25,6664.1300,6721.8900,6658.1100,6703.0600,278954300,4543078912.00
SH000858,2017-01-26,6704.0500,6756.5900,6704.0500,6755.2300,287943500,4482715136.00
SH000858,2017-02-03,6756.7100,6772.7600,6720.1200,6746.0300,256557100,3956314624.00
SH000858,2017-02-06,6741.8200,6830.4700,6737.5400,6830.3300,349796800,5482022912.00
SH000858,2017-02-07,6825.1900,6844.3600,6780.5600,6808.3600,367615600,5468179968.00
SH000858,2017-02-08,6794.9500,6850.5700,6763.8200,6850.1500,378712400,6353850880.00
SH000858,2017-02-09,6850.7000,6878.3100,6843.9200,6874.6500,429405600,6934463488.00
SH000858,2017-02-10,6877.7400,6879.8800,6825.4100,6830.3000,397673400,6422905344.00
SH000858,2017-02-13,6817.7300,6871.0100,6802.8100,6864.1500,398772000,6594159616.00
SH000858,2017-02-14,6866.2800,6875.9300,6842.8900,6859.4500,351547600,5862790144.00
SH000858,2017-02-15,6872.5500,6889.6100,6773.3300,6786.9100,681601100,8358606848.00
SH000858,2017-02-16,6794.7500,6841.0400,6786.6500,6832.2200,531866100,7299395072.00
SH000858,2017-02-17,6828.5800,6843.9900,6764.8400,6773.6500,529306600,7277919232.00
SH000858,2017-02-20,6770.1800,6835.6500,6761.5400,6831.7100,516492500,7452995584.00
SH000858,2017-02-21,6835.5400,6942.9000,6830.6600,6932.3600,699038800,9875312640.00
SH000858,2017-02-22,6928.6100,6972.7700,6925.8100,6972.7700,653868700,9525155840.00
SH000858,2017-02-23,6992.4900,7002.5400,6952.6500,7001.7900,640906700,9650121728.00
SH000858,2017-02-24,6997.1900,7051.0100,6983.8200,7044.1300,642239300,10481159168.00
SH000858,2017-02-27,7050.2900,7080.0500,7000.6300,7006.7600,575054700,9075714048.00
SH000858,2017-02-28,7014.6500,7038.4900,6991.3000,7033.1200,467721800,7227268608.00
SH000858,2017-03-01,7029.3600,7082.7900,7026.9200,7059.1700,614621000,9653277696.00
SH000858,2017-03-02,7070.1100,7088.5100,7040.1000,7050.1200,577539900,9101133824.00
SH000858,2017-03-03,7029.5900,7115.2700,7009.2200,7115.1100,621836000,10344206336.00
SH000858,2017-03-06,7125.3000,7228.5600,7121.2600,7228.1500,737412100,12452985856.00
SH000858,2017-03-07,7229.1200,7254.7300,7191.0900,7254.3600,690551700,11055574016.00
SH000858,2017-03-08,7248.3900,7249.0200,7172.8700,7194.5600,530689400,8738695168.00
SH000858,2017-03-09,7178.4800,7178.9100,7128.9300,7159.6200,520660400,8178515968.00
SH000858,2017-03-10,7156.6200,7184.4700,7149.2300,7159.8000,466720600,7757119488.00
SH000858,2017-03-13,7157.2000,7251.3500,7114.9400,7251.2900,652472900,11129247744.00
SH000858,2017-03-14,7263.6300,7275.0100,7208.9700,7221.7300,564078800,10027828224.00
SH000858,2017-03-15,7212.1000,7219.1600,7180.0200,7204.7400,503894500,9132528640.00
SH000858,2017-03-16,7220.7200,7300.5900,7220.7200,7300.1600,717330100,13006585856.00
SH000858,2017-03-17,7303.9300,7340.0100,7228.5300,7229.9000,797430800,13450737664.00
SH000858,2017-03-20,7232.8800,7247.3600,7174.4600,7229.2800,598511900,10205712384.00
SH000858,2017-03-21,7224.9100,7238.8800,7205.7800,7232.6300,488104200,8466200576.00
SH000858,2017-03-22,7199.2800,7220.2400,7144.3900,7199.0400,590658600,10204125184.00
SH000858,2017-03-23,7214.1400,7255.9600,7145.6600,7231.1200,630490100,11530314752.00
SH000858,2017-03-24,7233.5100,7296.0800,7230.9300,7286.9800,707502000,13077913600.00
SH000858,2017-03-27,7292.5500,7303.0000,7221.1100,7221.2300,570731500,10569281536.00
SH000858,2017-03-28,7218.2500,7243.0800,7186.0400,7197.0800,510956600,9233440768.00
SH000858,2017-03-29,7211.7700,7229.6300,7146.4200,7152.4800,668651500,11200067584.00
SH000858,2017-03-30,7131.7600,7132.5000,6975.7900,6979.9000,724794100,11498873856.00
SH000858,2017-03-31,6989.5200,7040.2300,6974.7500,7023.7700,551068900,9205691392.00
SH000858,2017-04-05,7060.5100,7181.4300,7060.5100,7181.4300,780171200,12650153984.00
SH000858,2017-04-06,7183.3400,7222.9200,7155.8000,7198.6900,718344500,12466565120.00
SH000858,2017-04-07,7187.9700,7230.1000,7179.9000,7215.0600,691826200,11411868672.00
SH000858,2017-04-10,7203.5300,7204.0300,7122.3600,7139.6700,781360900,12703105024.00
SH000858,2017-04-11,7132.2600,7209.4800,7085.2700,7207.7900,852189200,14400653312.00
SH000858,2017-04-12,7184.3900,7187.7800,7113.6700,7117.9100,676790800,10759149568.00
SH000858,2017-04-13,7104.3800,7159.5100,7102.3400,7127.1800,515488800,7485578240.00
SH000858,2017-04-14,7123.0000,7131.2700,7017.1400,7024.2600,530389800,8352167424.00
SH000858,2017-04-17,6995.4300,7022.1100,6927.0800,6958.1800,468678800,7203996672.00
SH000858,2017-04-18,6960.6000,6999.8700,6883.8600,6884.6200,488160000,7288847360.00
SH000858,2017-04-19,6856.8700,6874.8200,6723.5800,6800.6300,565450100,8418242560.00
SH000858,2017-04-20,6802.5000,6832.2300,6751.4300,6816.7200,499661000,7957887488.00
SH000858,2017-04-21,6818.2800,6840.6400,6728.6000,6730.7100,394028600,6446747136.00
SH000858,2017-04-24,6720.5900,6720.5900,6559.0300,6590.8600,496851100,7355057152.00
SH000858,2017-04-25,6590.8000,6665.1700,6590.8000,6619.0700,409402000,6600882176.00
SH000858,2017-04-26,6623.7500,6670.6800,6620.8000,6639.0500,443416300,6604414464.00
SH000858,2017-04-27,6624.6700,6736.6800,6527.7800,6727.1400,607539900,9267605504.00
SH000858,2017-04-28,6702.9790,6753.4360,6691.3120,6749.2380,438648100,7026744832.00
SH000858,2017-05-02,6737.7900,6742.1000,6706.2200,6731.8300,500968000,7896622080.00
SH000858,2017-05-03,6716.1900,6749.4300,6689.9600,6725.7100,488235900,8137974272.00
SH000858,2017-05-04,6730.7900,6785.5700,6688.1000,6720.5600,496911500,8010020352.00
SH000858,2017-05-05,6700.4180,6722.0430,6633.1960,6633.6460,659276000,9003979776.00
SH000858,2017-05-08,6618.8800,6672.3400,6577.4900,6577.4900,588577800,9215117312.00
SH000858,2017-05-09,6553.6200,6647.9100,6521.1500,6640.6700,523742400,8191366144.00
SH000858,2017-05-10,6641.0800,6699.7800,6542.8900,6543.3500,658468700,10243308544.00
SH000858,2017-05-11,6515.4500,6527.8700,6353.1200,6507.1900,715877900,10583321600.00
SH000858,2017-05-12,6486.0600,6500.1000,6430.1900,6449.2300,518225600,7784955392.00
SH000858,2017-05-15,6536.4800,6585.7800,6536.4800,6567.3500,590339800,9625077760.00
SH000858,2017-05-16,6546.8600,6720.1900,6501.1800,6719.9400,793028700,12710196224.00
SH000858,2017-05-17,6715.0600,6777.4300,6709.9000,6720.2600,741150000,12357414912.00
SH000858,2017-05-18,6667.3000,6751.1200,6649.8500,6683.8700,546314800,8995286016.00
SH000858,2017-05-19,6682.4000,6702.8400,6614.3600,6666.8900,521406400,8324966912.00
SH000858,2017-05-22,6646.1500,6679.8700,6521.2900,6541.4800,550336700,8441295360.00
SH000858,2017-05-23,6525.3000,6552.9100,6351.5600,6357.6600,580346900,8784715776.00
SH000858,2017-05-24,6330.0500,6388.6600,6217.3000,6374.6200,524052700,7580579840.00
SH000858,2017-05-25,6363.5200,6429.5900,6282.1300,6407.3500,592417900,8332414464.00
SH000858,2017-05-26,6394.2900,6424.3800,6363.4700,6376.9800,545689200,8056831488.00
SH000858,2017-05-31,6450.5050,6479.4840,6362.3680,6365.1110,534066400,8422824448.00
SH000858,2017-06-01,6347.2800,6350.6700,6173.2800,6174.8400,600527700,8480884736.00
SH000858,2017-06-02,6149.5800,6269.7100,6093.7200,6255.3800,544145500,7897606656.00
SH000858,2017-06-05,6269.4700,6367.5700,6261.4200,6342.2400,494871600,7624900608.00
SH000858,2017-06-06,6336.1900,6396.0400,6322.1200,6382.3700,423576000,6308781056.00
SH000858,2017-06-07,6377.0300,6546.0300,6373.6300,6533.5500,674542600,9962694656.00
SH000858,2017-06-08,6532.5000,6571.7900,6517.1100,6542.5100,664601500,9887246336.00
SH000858,2017-06-09,6530.4200,6562.0300,6496.9200,6556.3400,563691100,8205568000.00
SH000858,2017-06-12,6526.0900,6526.0900,6446.5700,6450.9500,563599100,9009532928.00
SH000858,2017-06-13,6440.7100,6568.8200,6439.0100,6548.0700,586998300,9607768064.00
SH000858,2017-06-14,6538.7700,6571.4300,6512.0400,6536.9300,493420400,8397706752.00
SH000858,2017-06-15,6543.0800,6657.8900,6540.9400,6638.2500,694576700,11206976512.00
SH000858,2017-06-16,6631.7900,6655.5600,6614.0000,6617.5400,491065800,8037143552.00
SH000858,2017-06-19,6620.0600,6677.9100,6620.0600,6677.1500,563625100,8914458624.00
SH000858,2017-06-20,6687.9200,6743.4900,6686.4900,6703.8500,777543000,11726647296.00
SH000858,2017-06-21,6716.3400,6717.4900,6641.8400,6690.8300,636281400,9523688448.00
SH000858,2017-06-22,6689.2300,6713.8100,6588.4500,6590.0600,743171100,11047085056.00
SH000858,2017-06-23,6569.2800,6594.3300,6482.2800,6583.2600,618376100,9365336064.00
SH000858,2017-06-26,6585.3200,6682.4400,6573.5500,6681.9600,656697000,10260915200.00
SH000858,2017-06-27,6685.1900,6716.9700,6661.9100,6686.0900,575321500,9226981376.00
SH000858,2017-06-28,6672.2100,6673.9300,6607.4900,6629.4200,538185800,8724445184.00
SH000858,2017-06-29,6637.0700,6715.9400,6634.4700,6685.9300,648569400,10667551744.00
SH000858,2017-06-30,6671.5100,6712.3200,6650.6300,6706.6300,612742000,9884719104.00
SH000858,2017-07-03,6713.9800,6777.9500,6713.2800,6777.6700,697075600,11352094720.00
SH000858,2017-07-04,6771.2100,6775.5700,6720.4500,6743.8600,686604500,11662295040.00
SH000858,2017-07-05,6725.6900,6800.9600,6712.3200,6800.8000,799816500,13673109504.00
SH000858,2017-07-06,6785.2200,6828.8600,6745.5400,6810.7100,877348300,14321217536.00
SH000858,2017-07-07,6781.5300,6808.6100,6770.6400,6802.1800,763294200,13007313920.00
SH000858,2017-07-10,6795.3900,6810.7100,6736.8100,6740.2700,845700200,13612197888.00
SH000858,2017-07-11,6727.7700,6741.4800,6633.7000,6636.3800,761393800,11614990336.00
SH000858,2017-07-12,6620.5000,6655.7400,6541.3800,6626.3500,724232400,10978379776.00
SH000858,2017-07-13,6624.0400,6627.7800,6575.4100,6596.3400,709796200,11094848512.00
SH000858,2017-07-14,6595.6200,6605.4300,6552.5100,6573.9500,602666300,9521422336.00
SH000858,2017-07-17,6533.7000,6533.7000,6223.5800,6225.0100,1007900600,14418765824.00
SH000858,2017-07-18,6198.6800,6271.7300,6143.6500,6271.4400,808220200,11349575680.00
SH000858,2017-07-19,6251.8700,6370.4800,6215.5900,6368.7900,769985500,11350986752.00
SH000858,2017-07-20,6362.1600,6439.6500,6357.5400,6386.5600,705351100,10515564544.00
SH000858,2017-07-21,6388.6600,6428.1000,6383.0200,6406.6200,609146700,9320177664.00
SH000858,2017-07-24,6400.2300,6444.5100,6377.4000,6443.2100,708158200,10414368768.00
SH000858,2017-07-25,6433.6800,6471.7400,6394.6300,6426.0300,628320400,9582344192.00
SH000858,2017-07-26,6419.4600,6433.8900,6351.3400,6395.1200,625997300,9575903232.00
SH000858,2017-07-27,6389.9200,6579.2800,6371.5800,6572.3700,1076957800,16083392512.00
SH000858,2017-07-28,6560.2600,6589.7300,6541.0400,6562.8700,822614300,12960113664.00
SH000858,2017-07-31,6567.2200,6636.8500,6536.8200,6622.1300,924863800,14602315776.00
SH000858,2017-08-01,6616.1300,6624.0500,6560.5800,6601.7500,800876200,12086111232.00
SH000858,2017-08-02,6602.2200,6621.4500,6513.8600,6515.8300,785366600,12454301696.00
SH000858,2017-08-03,6506.2600,6589.4700,6481.9000,6527.2200,718683800,11138395136.00
SH000858,2017-08-04,6523.3600,6545.2500,6477.3000,6477.3000,726821700,11073685504.00
SH000858,2017-08-07,6469.0400,6540.3100,6467.5100,6523.2700,587284700,8819369984.00
SH000858,2017-08-08,6527.4900,6580.5600,6501.1700,6580.4300,811083800,12160574464.00
SH000858,2017-08-09,6553.3000,6586.4800,6542.3100,6570.1600,881249600,13750141952.00
SH000858,2017-08-10,6564.3000,6604.1400,6485.1100,6535.2900,994705200,15023562752.00
SH000858,2017-08-11,6482.5400,6546.0400,6454.8700,6460.6400,941854700,14418352128.00
SH000858,2017-08-14,6479.1000,6712.0200,6479.1000,6706.4400,1162938200,19044878336.00
SH000858,2017-08-15,6729.6800,6777.7100,6728.5600,6777.7100,1062483100,17338425344.00
SH000858,2017-08-16,6767.2900,6886.3800,6753.1800,6847.3700,1359030900,20774995968.00
SH000858,2017-08-17,6829.7100,6959.1600,6820.6900,6935.0300,1417945500,22177251328.00
SH000858,2017-08-18,6891.1100,6953.7200,6872.7800,6894.9900,1201360500,19389192192.00
SH000858,2017-08-21,6901.2200,6966.8200,6901.2200,6966.3500,1052750900,17761853440.00
SH000858,2017-08-22,6969.5900,6976.0400,6896.3900,6912.8500,1149749100,19987099648.00
SH000858,2017-08-23,6905.2400,6930.8800,6856.2900,6879.8500,874150600,14889746432.00
SH000858,2017-08-24,6868.7900,6878.5800,6781.2100,6795.3800,829263600,13898100736.00
SH000858,2017-08-25,6786.1300,6868.7600,6786.1300,6855.5600,845887400,14354980864.00
SH000858,2017-08-28,6860.3900,7034.0400,6858.4000,6970.7500,1263805500,23194312704.00
SH000858,2017-08-29,6964.1300,6990.6700,6932.9400,6953.6600,1010395000,17255927808.00
SH000858,2017-08-30,6953.2700,7031.9500,6953.0200,7010.7900,1022555700,17819994112.00
SH000858,2017-08-31,7013.7200,7040.0700,6994.5200,7039.1600,915800800,15819813888.00
SH000858,2017-09-01,7052.3900,7146.5400,7016.2900,7144.0700,1262299100,22355591168.00
SH000858,2017-09-04,7141.5800,7280.9200,7136.6200,7247.8800,1565882800,26955079680.00
SH000858,2017-09-05,7243.6100,7281.9300,7209.5000,7253.8800,1178237500,21239156736.00
SH000858,2017-09-06,7222.2300,7349.3100,7209.8300,7349.2500,1388519200,25006383104.00
SH000858,2017-09-07,7342.9800,7368.3500,7230.5200,7233.8500,1395454700,25269608448.00
SH000858,2017-09-08,7218.7500,7264.5000,7172.2400,7235.9200,1069201800,18608930816.00
SH000858,2017-09-11,7238.4400,7303.6100,7221.3300,7303.4100,1056847800,19667433472.00
SH000858,2017-09-12,7300.4200,7372.7100,7282.1900,7320.2700,1440138900,26741291008.00
SH000858,2017-09-13,7302.3900,7318.2400,7243.3700,7273.6800,1028332500,18599915520.00
SH000858,2017-09-14,7260.3900,7299.7900,7215.7500,7246.1300,1036161300,18458384384.00
SH000858,2017-09-15,7233.6800,7240.2200,7160.0000,7192.6200,862500200,15781742592.00
SH000858,2017-09-18,7185.7800,7273.4100,7185.3800,7273.4100,848141300,14421967872.00
SH000858,2017-09-19,7281.0200,7288.8300,7171.8000,7186.9000,1017454000,16449737728.00
SH000858,2017-09-20,7171.5400,7270.9600,7160.1800,7257.0900,1179962100,18800531456.00
SH000858,2017-09-21,7253.6200,7305.2200,7192.4600,7192.7100,1173248700,18126579712.00
SH000858,2017-09-22,7165.0800,7185.0800,7111.0300,7168.3300,1031712900,16132788224.00
SH000858,2017-09-25,7153.3300,7174.7700,7063.9100,7071.6800,1005790200,15768791040.00
SH000858,2017-09-26,7054.1000,7082.4400,7002.5400,7053.7600,842594700,13262087168.00
SH000858,2017-09-27,7054.7800,7173.5400,7050.2900,7151.1600,854351500,13639000064.00
SH000858,2017-09-28,7150.6700,7241.4800,7143.1400,7210.2100,1110164800,17242480640.00
SH000858,2017-09-29,7205.9100,7262.5200,7205.5400,7260.5300,1072086700,15877403648.00
SH000858,2017-10-09,7379.1600,7428.6100,7340.0000,7408.0900,1539577800,23628093440.00
SH000858,2017-10-10,7414.8300,7470.1900,7390.2500,7469.5200,1441186400,22993870848.00
SH000858,2017-10-11,7461.4900,7462.6600,7324.1700,7326.1900,1428293400,22711570432.00
SH000858,2017-10-12,7316.6100,7382.9200,7307.2200,7371.3800,1144519400,18342488064.00
SH000858,2017-10-13,7364.0100,7453.6000,7352.8500,7447.7700,1191162600,19880103936.00
SH000858,2017-10-16,7432.2300,7442.1600,7284.6300,7285.1500,1280594700,20821504000.00
SH000858,2017-10-17,7263.8700,7319.5100,7235.8300,7269.6400,800307500,13574553600.00
SH000858,2017-10-18,7265.1800,7305.4200,7169.9100,7170.4200,981200900,14758098944.00
SH000858,2017-10-19,7161.7100,7182.7700,7080.1000,7101.2400,920437600,12836573184.00
SH000858,2017-10-20,7081.4800,7178.4900,7068.2000,7178.4800,680780700,10410540032.00
SH000858,2017-10-23,7188.2100,7263.6600,7180.0400,7263.4700,852104200,12823465984.00
SH000858,2017-10-24,7257.0100,7257.0100,7154.1600,7233.6500,931384500,14106959872.00
SH000858,2017-10-25,7220.5100,7323.3700,7215.0000,7322.8300,1054670300,15448461312.00
SH000858,2017-10-26,7305.4500,7363.3300,7280.9400,7333.2600,1097312000,17192906752.00
SH000858,2017-10-27,7325.5000,7345.4800,7266.0200,7275.2800,1029682300,15358310400.00
SH000858,2017-10-30,7286.6500,7315.5500,7093.2900,7180.9000,1328716300,20461445120.00
SH000858,2017-10-31,7161.7600,7263.3300,7157.8500,7263.3300,1020073100,15735251968.00
SH000858,2017-11-01,7253.5400,7331.5600,7244.7100,7288.0800,1139889300,19963777024.00
SH000858,2017-11-02,7265.4600,7265.9000,7182.1100,7189.6900,1130610200,19098351616.00
SH000858,2017-11-03,7183.6000,7243.2900,7119.9200,7158.3800,1060567500,18126571520.00
SH000858,2017-11-06,7173.9000,7279.5500,7159.0400,7279.4000,1099849100,19116077056.00
SH000858,2017-11-07,7279.4200,7341.2600,7261.8100,7340.7500,1164944000,21358258176.00
SH000858,2017-11-08,7339.9000,7435.2400,7330.3100,7380.6400,1379884900,23811848192.00
SH000858,2017-11-09,7371.9100,7481.6400,7355.0300,7481.6400,1340119400,22123096064.00
SH000858,2017-11-10,7466.2300,7555.7900,7456.4200,7544.4200,1627686500,27544281088.00
SH000858,2017-11-13,7541.6600,7677.0500,7515.8100,7676.9000,1639884700,29796255744.00
SH000858,2017-11-14,7650.3200,7682.9200,7520.9100,7574.8400,1529330800,27912902656.00
SH000858,2017-11-15,7537.2000,7562.3100,7386.1200,7439.8600,1336599200,24621217792.00
SH000858,2017-11-16,7427.8800,7468.3900,7388.9700,7436.9000,1170613700,20729524224.00
SH000858,2017-11-17,7429.9100,7434.4500,7140.1300,7143.1700,1401136600,23558561792.00
SH000858,2017-11-20,7093.4100,7296.7800,6998.6900,7295.8800,1217631200,20903575552.00
SH000858,2017-11-21,7274.1800,7327.3300,7212.0500,7319.1500,1196955500,21769662464.00
SH000858,2017-11-22,7303.9400,7415.0200,7212.9400,7292.1000,1306676000,23436929024.00
SH000858,2017-11-23,7277.8000,7278.8900,7074.0400,7074.2700,1441750800,25211719680.00
SH000858,2017-11-24,7028.8700,7113.9100,6970.4600,6970.4600,1098654200,19260504064.00
SH000858,2017-11-27,6951.2300,6968.2300,6816.5300,6829.5200,1067287500,17617790976.00
SH000858,2017-11-28,6837.3100,7006.0500,6837.3100,7005.0900,947682800,15685836800.00
SH000858,2017-11-29,6995.0500,7002.6400,6849.6200,6941.3200,1111153100,18031837184.00
SH000858,2017-11-30,6923.9900,6980.9600,6881.4400,6899.4400,979419400,15425922048.00
SH000858,2017-12-01,6881.0700,7033.3100,6881.0700,7017.9000,1036748400,16854577152.00
SH000858,2017-12-04,7016.5700,7033.8400,6947.8600,6960.4000,1045218300,17013216256.00
SH000858,2017-12-05,6932.1200,6948.7000,6696.0700,6746.3800,1129669600,17773807616.00
SH000858,2017-12-06,6728.5400,6869.1700,6674.6000,6868.5800,1118685900,17765791744.00
SH000858,2017-12-07,6848.6400,6896.1200,6818.9000,6823.1000,1086253600,17719877632.00
SH000858,2017-12-08,6812.7500,6985.1800,6812.7500,6949.4000,1121571100,18629322752.00
SH000858,2017-12-11,7015.9000,7109.7600,7015.9000,7078.1900,1402885500,23662204928.00
SH000858,2017-12-12,7075.9000,7120.7900,7032.6600,7032.6700,1240582700,22145302528.00
SH000858,2017-12-13,7020.0600,7089.1900,7007.9800,7088.3300,1131135400,19233464320.00
SH000858,2017-12-14,7073.9300,7116.0900,7028.7700,7092.8600,1305794100,22560442368.00
SH000858,2017-12-15,7074.7600,7109.2400,6979.5000,7015.7500,1377645400,23830528000.00
SH000858,2017-12-18,6998.9300,7012.3600,6869.8200,6903.1100,1062652100,18750418944.00
SH000858,2017-12-19,6903.4600,6979.6800,6903.3600,6972.0800,1047224900,17421170688.00
SH000858,2017-12-20,6955.2000,6959.2400,6851.6000,6875.6600,1164449800,18935613440.00
SH000858,2017-12-21,6858.8000,6957.1000,6804.7700,6929.7800,1234640200,20189573120.00
SH000858,2017-12-22,6924.3400,6957.1300,6862.5000,6874.3600,1003976200,16538007552.00
SH000858,2017-12-25,6873.0400,6880.8700,6733.9500,6754.5900,1072060300,16866375680.00
SH000858,2017-12-26,6742.9400,6810.0700,6697.9500,6809.8300,987413600,15857070080.00
SH000858,2017-12-27,6797.3200,6817.3500,6700.7000,6703.9600,1003159800,15943215104.00
SH000858,2017-12-28,6683.9300,6772.4400,6679.8800,6724.2300,970328100,16060595200.00
SH000858,2017-12-29,6714.5100,6805.2600,6714.1600,6804.3000,1182429400,18695614464.00
SH000858,2018-01-02,6822.6700,6865.2600,6770.5300,6864.9800,1201105100,17830690816.00
SH000858,2018-01-03,6855.9600,6935.4200,6838.7700,6933.7200,1323468100,21953599488.00
SH000858,2018-01-04,6914.9700,6956.6400,6913.1100,6934.3000,1256654100,21694982144.00
SH000858,2018-01-05,6932.5800,6967.4800,6888.1200,6890.3900,1153444900,18962401280.00
SH000858,2018-01-08,6887.8500,6887.8500,6802.1100,6869.2800,1200067600,19573925888.00
SH000858,2018-01-09,6856.3000,6856.5300,6797.5600,6830.5800,989394300,15344058368.00
SH000858,2018-01-10,6829.8500,6831.1800,6737.3900,6817.3500,1394800100,20505073664.00
SH000858,2018-01-11,6795.8400,6984.2200,6781.0100,6956.8000,1894118800,26133903360.00
SH000858,2018-01-12,6952.6700,6958.5300,6847.7200,6849.7800,1493069300,21407733760.00
SH000858,2018-01-15,6807.7700,6809.5500,6556.7600,6580.9200,1728627800,25109467136.00
SH000858,2018-01-16,6570.4700,6605.0800,6501.5700,6538.3200,1363683700,19580153856.00
SH000858,2018-01-17,6499.6200,6549.5000,6356.8700,6525.3400,1444489500,20540899328.00
SH000858,2018-01-18,6494.5800,6533.5100,6467.1800,6476.0000,977100000,13281551360.00
SH000858,2018-01-19,6480.4700,6533.9900,6460.0000,6468.1700,936174500,13052088320.00
SH000858,2018-01-22,6455.7000,6575.6000,6381.0700,6550.2000,1082551000,15493332992.00
SH000858,2018-01-23,6532.2600,6572.8800,6514.0500,6541.6600,812885500,11693340672.00
SH000858,2018-01-24,6549.4300,6714.0500,6509.8600,6713.5800,1393892700,21081323520.00
SH000858,2018-01-25,6681.7600,6794.4600,6672.4700,6672.6900,1263132700,18989871104.00
SH000858,2018-01-26,6655.3700,6715.4700,6651.6100,6664.0200,1063231200,15341095936.00
SH000858,2018-01-29,6648.7400,6673.1500,6480.6000,6503.1300,1145132600,16923137024.00
SH000858,2018-01-30,6488.8600,6544.0500,6486.4800,6494.8600,796428200,11004976128.00
SH000858,2018-01-31,6454.0800,6456.3200,6299.3800,6308.8100,1046337800,14060365824.00
SH000858,2018-02-01,6294.1200,6322.8200,6095.8200,6095.9100,1107692900,14489242624.00
SH000858,2018-02-02,6059.3200,6184.8300,5979.7700,6129.1100,905874700,12472709120.00
SH000858,2018-02-05,6039.7900,6121.0400,6021.7400,6076.5400,730072700,10080277504.00
SH000858,2018-02-06,5950.3200,6004.3500,5738.8100,5741.4500,1250968400,15718341632.00
SH000858,2018-02-07,5855.4600,5878.4200,5644.4700,5811.0500,1188822500,14957808640.00
SH000858,2018-02-08,5794.2400,5952.5900,5789.2500,5930.9300,938688800,12365032448.00
SH000858,2018-02-09,5775.6700,5918.1600,5710.0100,5789.3500,1119575700,14096367616.00
SH000858,2018-02-12,5828.5000,5998.3500,5828.5000,5969.4900,1030992500,13753524224.00
SH000858,2018-02-13,5995.2800,6058.7700,5968.1300,5979.5500,970396300,13525797888.00
SH000858,2018-02-14,5985.3300,5992.7500,5925.9800,5958.3100,578129700,7917091840.00
SH000858,2018-02-22,6007.9100,6109.2900,5986.4400,6103.1900,826984500,11948883968.00
SH000858,2018-02-23,6095.0000,6112.9600,6032.9800,6090.4900,833536700,12233785344.00
SH000858,2018-02-26,6125.9300,6360.5400,6111.9100,6336.1700,1474994900,22467907584.00
SH000858,2018-02-27,6341.7900,6467.6700,6332.9700,6410.9300,1505401700,23608809472.00
SH000858,2018-02-28,6360.1800,6540.2700,6342.1600,6478.4900,1430734900,22013990912.00
SH000858,2018-03-01,6434.6200,6697.2700,6420.2900,6696.7200,1760456800,27277826048.00
SH000858,2018-03-02,6661.5400,6759.5700,6623.3200,6645.0400,1820596800,28147179520.00
SH000858,2018-03-05,6684.6500,6784.5700,6662.4500,6784.0700,1510649000,24678504448.00
SH000858,2018-03-06,6800.0100,6858.9100,6750.4300,6783.0200,1753647800,28788359168.00
SH000858,2018-03-07,6770.4000,6797.2500,6723.1700,6730.3900,1659711900,23666540544.00
SH000858,2018-03-08,6711.9700,6751.5500,6678.4300,6722.0300,1286280700,19174213632.00
SH000858,2018-03-09,6721.4600,6958.6100,6721.1500,6944.4200,2034168400,30711185408.00
SH000858,2018-03-12,6999.6400,7130.0700,6999.6400,7080.7500,2115974400,32926142464.00
SH000858,2018-03-13,7059.3200,7132.0000,7002.6200,7035.4000,1711352400,27520276480.00
SH000858,2018-03-14,6997.7200,7030.8700,6852.4900,6858.6900,1592741800,25137526784.00
SH000858,2018-03-15,6830.7900,6888.7600,6733.2700,6869.1600,1397482700,21925662720.00
SH000858,2018-03-16,6864.2900,6903.6500,6794.2900,6794.4500,1210559400,19350269952.00
SH000858,2018-03-19,6812.4200,6971.1000,6790.6700,6868.4100,1327809400,22144958464.00
SH000858,2018-03-20,6801.9500,6893.5300,6773.4900,6889.4900,1207917000,18987157504.00
SH000858,2018-03-21,6910.7800,6962.5500,6787.6300,6788.3400,1574557700,26283028480.00
SH000858,2018-03-22,6801.1700,6866.9200,6756.0500,6773.6100,1346400400,22636814336.00
SH000858,2018-03-23,6508.9000,6602.4900,6255.2000,6315.4200,2004112800,29097736192.00
SH000858,2018-03-26,6232.3300,6573.1800,6232.3300,6571.4500,1561943900,25594675200.00
SH000858,2018-03-27,6653.6500,6880.8800,6643.2000,6878.1300,2077569000,35876012032.00
SH000858,2018-03-28,6777.1100,6890.5100,6758.4600,6822.8400,1695687600,29094641664.00
SH000858,2018-03-29,6856.2800,6929.0600,6794.5800,6859.3700,1410840600,24289861632.00
SH000858,2018-03-30,6894.2200,7099.0600,6893.0300,7098.4300,1959842800,34034634752.00
SH000858,2018-04-02,7143.3900,7279.0600,7077.1100,7146.2800,2317608400,40558211072.00
SH000858,2018-04-03,7012.0800,7037.6600,6893.3900,7024.9200,1825538400,29686624256.00
SH000858,2018-04-04,7046.2300,7068.3300,6868.3900,6886.5600,1341517800,22590877696.00
SH000858,2018-04-09,6865.4800,7008.7000,6789.8300,6941.9200,1371555100,24257214464.00
SH000858,2018-04-10,6939.0200,6944.1000,6776.2800,6890.3000,1320990800,21740511232.00
SH000858,2018-04-11,6911.6800,6998.1200,6892.4000,6920.2900,1396170700,21961273344.00
SH000858,2018-04-12,6901.4100,6963.6900,6854.7500,6867.8000,1189986300,18864488448.00
SH000858,2018-04-13,6918.3600,6949.8200,6862.9000,6903.3300,1227273000,19604688896.00
SH000858,2018-04-16,6880.0800,7083.4400,6870.4000,7069.3800,2006451200,32413845504.00
SH000858,2018-04-17,7091.0200,7137.9700,6831.8100,6855.5500,1994605600,32811073536.00
SH000858,2018-04-18,6901.6300,7188.7400,6831.1300,7154.7000,2451139600,43256131584.00
SH000858,2018-04-19,7128.7200,7261.7900,7098.6600,7112.1000,2430582600,44691398656.00
SH000858,2018-04-20,7061.2000,7162.3400,6943.8200,6958.9100,2138568800,38667825152.00
SH000858,2018-04-23,6988.6200,7014.9500,6650.7100,6776.2400,2009843600,36243296256.00
SH000858,2018-04-24,6746.7300,6989.1900,6686.4000,6988.7600,1931039200,32309745664.00
SH000858,2018-04-25,6928.1200,7077.7900,6915.2500,7014.4600,2061967000,33467955200.00
SH000858,2018-04-26,6998.2200,7046.4400,6883.8000,6891.8700,1914974400,30913718272.00
SH000858,2018-04-27,6936.8300,6964.5700,6754.9200,6841.7400,1577588500,26759206912.00
SH000858,2018-05-02,6823.5900,6863.2600,6652.6700,6717.9900,1624516200,25505138688.00
SH000858,2018-05-03,6694.5300,6863.0900,6534.7800,6861.0000,1769875600,28793634816.00
SH000858,2018-05-04,6811.5300,6883.9200,6793.4900,6795.1600,1423134800,25203857408.00
SH000858,2018-05-07,6818.9900,6951.6300,6805.1000,6936.1700,1342259800,22610511872.00
SH000858,2018-05-08,6936.3300,6948.5800,6876.3100,6931.8200,1336217500,22525071360.00
SH000858,2018-05-09,6920.9700,6966.9100,6865.1800,6902.4700,1169846500,18874021888.00
SH000858,2018-05-10,6908.5400,6914.8400,6762.4100,6830.5500,1225164600,20342788096.00
SH000858,2018-05-11,6833.5600,6840.4400,6728.5500,6731.0200,1213935000,19135776768.00
SH000858,2018-05-14,6727.6400,6798.0700,6653.8700,6678.5800,1289187000,21018894336.00
SH000858,2018-05-15,6683.5400,6787.8600,6636.7300,6786.3200,1225936500,18791413760.00
SH000858,2018-05-16,6746.3300,6797.4200,6707.4300,6713.6800,1120734100,17307934720.00
SH000858,2018-05-17,6706.1500,6755.0600,6666.6300,6692.8100,1040455200,15785356288.00
SH000858,2018-05-18,6685.5300,6715.1000,6598.2600,6692.4100,962293100,15421216768.00
SH000858,2018-05-21,6737.8300,6873.5200,6737.8300,6849.7500,1298993900,21237430272.00
SH000858,2018-05-22,6831.8500,6863.5700,6801.5600,6862.3400,1127682200,17330393088.00
SH000858,2018-05-23,6847.5000,6901.3800,6815.0400,6816.5900,1316643900,21542260736.00
SH000858,2018-05-24,6821.1200,6847.5100,6747.5900,6748.4700,986160200,15844553728.00
SH000858,2018-05-25,6729.8500,6730.2400,6554.9500,6555.0000,1140847800,17266024448.00
SH000858,2018-05-28,6548.7400,6577.4300,6449.2000,6466.0400,1122685300,15304088576.00
SH000858,2018-05-29,6473.0100,6540.7500,6427.5600,6434.9800,934780500,13027656704.00
SH000858,2018-05-30,6349.3600,6411.5400,6230.3400,6240.7800,1205044700,17028638720.00
SH000858,2018-05-31,6288.6800,6316.7700,6152.8100,6265.8900,1034382400,15155036160.00
SH000858,2018-06-01,6232.1400,6262.9700,6119.9900,6159.4600,917907700,13216265216.00
SH000858,2018-06-04,6182.7900,6199.8800,6075.1900,6141.1900,812201000,12028459008.00
SH000858,2018-06-05,6154.1800,6340.9900,6154.1800,6340.1900,977220100,14596144128.00
SH000858,2018-06-06,6338.8900,6375.1900,6299.3000,6334.4200,934461500,14020784128.00
SH000858,2018-06-07,6354.8600,6370.2300,6277.0200,6278.8900,831357300,11928943616.00
SH000858,2018-06-08,6273.5600,6293.0200,6196.3900,6246.0300,918577900,13361346560.00
SH000858,2018-06-11,6230.4600,6273.4200,6184.1500,6203.4900,730505900,10637660160.00
SH000858,2018-06-12,6214.2400,6264.1600,6114.5300,6259.2500,797349100,11819017216.00
SH000858,2018-06-13,6250.5800,6283.3200,6156.5800,6157.9000,847380700,12850659328.00
SH000858,2018-06-14,6129.7300,6213.7800,6116.4800,6134.3000,842718800,13220619264.00
SH000858,2018-06-15,6129.0100,6139.2300,5931.1000,5978.9700,1057251400,15732506624.00
SH000858,2018-06-19,5844.2500,5914.2000,5467.9900,5556.0200,1367769600,17705687040.00
SH000858,2018-06-20,5531.8400,5675.8600,5489.5400,5621.1400,1015250700,13071376384.00
SH000858,2018-06-21,5620.9400,5644.6100,5351.3200,5355.0800,1147872100,14572674048.00
SH000858,2018-06-22,5323.9000,5489.2100,5259.6900,5455.4400,975559600,12146646016.00
SH000858,2018-06-25,5503.8600,5519.8600,5391.1600,5395.7900,868557100,10635334656.00
SH000858,2018-06-26,5316.6800,5576.4200,5293.4100,5554.6900,1151661000,14364333056.00
SH000858,2018-06-27,5559.7500,5623.3800,5507.8300,5535.7200,971310300,13329958912.00
SH000858,2018-06-28,5524.4000,5635.1200,5505.2200,5510.7300,961268900,12906459136.00
SH000858,2018-06-29,5526.2800,5802.6900,5526.2800,5802.3500,1401496200,19382552576.00
SH000858,2018-07-02,5820.6900,5843.9400,5677.3300,5738.1600,1203060800,18290241536.00
SH000858,2018-07-03,5740.5500,5950.8300,5684.6100,5906.8000,1399641700,21875126272.00
SH000858,2018-07-04,5864.7400,5869.3400,5728.6300,5762.7100,1099214300,16782951424.00
SH000858,2018-07-05,5742.2600,5830.2500,5624.9300,5625.7700,1046240200,15698410496.00
SH000858,2018-07-06,5636.2100,5831.0800,5607.0500,5682.6100,1361392600,21050851328.00
SH000858,2018-07-09,5701.4000,5828.5900,5700.9000,5822.2300,1170928500,18132559872.00
SH000858,2018-07-10,5830.8700,5839.6200,5777.1300,5836.8100,1116018600,16406134784.00
SH000858,2018-07-11,5725.7600,5731.6000,5552.4700,5645.2300,1403593300,19844538368.00
SH000858,2018-07-12,5646.5600,5912.0900,5646.5600,5880.2400,1575461200,23821559808.00
SH000858,2018-07-13,5889.0000,5935.8300,5859.2700,5928.8500,1233799600,19164258304.00
SH000858,2018-07-16,5942.4900,6013.4900,5917.8600,5966.4600,1304073000,20998842368.00
SH000858,2018-07-17,5949.6900,5998.0400,5880.9000,5997.4000,1120682300,17768536064.00
SH000858,2018-07-18,6004.9000,6031.8000,5890.1000,5890.7600,1381841600,20063707136.00
SH000858,2018-07-19,5875.3500,5915.7900,5783.2000,5826.2700,1121725100,16490716160.00
SH000858,2018-07-20,5815.0000,5986.0000,5789.9800,5974.3800,1456443600,21223925760.00
SH000858,2018-07-23,5966.1100,6094.4600,5952.6000,6070.9400,1408925600,21185957888.00
SH000858,2018-07-24,6078.3900,6140.1000,6018.2700,6100.1700,1602919100,23045988352.00
SH000858,2018-07-25,6109.2900,6211.7300,6103.4700,6124.9400,1629251000,22811809792.00
SH000858,2018-07-26,6123.9800,6123.9800,5982.0000,6004.7400,1461601300,19333228544.00
SH000858,2018-07-27,5988.2600,6010.1300,5915.9400,5953.2600,1085821800,14181808128.00
SH000858,2018-07-30,5952.4100,5974.2800,5832.4900,5859.0000,1139380200,15294556160.00
SH000858,2018-07-31,5855.6600,5875.6800,5771.2900,5811.1300,990292500,13513712640.00
SH000858,2018-08-01,5828.8900,5926.2000,5737.8400,5737.9200,1086073200,15160659968.00
SH000858,2018-08-02,5720.7800,5722.4600,5457.6800,5588.5700,1304378000,16628298752.00
SH000858,2018-08-03,5572.6700,5596.8200,5450.8500,5451.5800,910840500,12362768384.00
SH000858,2018-08-06,5435.7100,5490.2800,5343.6700,5382.7900,893650100,11596823552.00
SH000858,2018-08-07,5401.2400,5557.3000,5346.2500,5557.3000,1098046800,14632836096.00
SH000858,2018-08-08,5525.4400,5555.6900,5428.5700,5428.7200,1014797900,13228819456.00
SH000858,2018-08-09,5414.0000,5722.6400,5406.7400,5674.9800,1568017800,21134770176.00
SH000858,2018-08-10,5670.8700,5728.9500,5658.1400,5725.8700,1124711300,16682805248.00
SH000858,2018-08-13,5662.6000,5862.3900,5643.5200,5837.3100,1364622900,21020196864.00
SH000858,2018-08-14,5810.3800,5818.2500,5732.7800,5760.3300,1001054800,15840192512.00
SH000858,2018-08-15,5754.4600,5764.8600,5622.1300,5646.2400,988156400,14812087296.00
SH000858,2018-08-16,5566.5700,5691.0200,5524.0500,5595.2900,1017215700,15238641664.00
SH000858,2018-08-17,5659.4700,5698.4400,5476.4700,5486.5700,1134835300,15648574464.00
SH000858,2018-08-20,5465.2400,5597.7200,5427.7400,5597.7200,1204909200,15817153536.00
SH000858,2018-08-21,5589.1700,5655.1900,5546.1000,5626.9800,1081348500,14887600128.00
SH000858,2018-08-22,5609.9400,5618.4300,5507.7400,5510.9800,946116500,12423247872.00
SH000858,2018-08-23,5504.3100,5650.7400,5503.5300,5606.8300,1156308900,16595972096.00
SH000858,2018-08-24,5596.2300,5635.7800,5575.4100,5587.4300,1014125400,13655908352.00
SH000858,2018-08-27,5594.2200,5784.6000,5594.2200,5768.8800,1451761100,20074037248.00
SH000858,2018-08-28,5775.3100,5825.3700,5744.8500,5776.4600,1214338300,17312036864.00
SH000858,2018-08-29,5784.2400,5784.2400,5700.5100,5725.5500,1097464900,14369457152.00
SH000858,2018-08-30,5713.3500,5738.4300,5588.0800,5602.3800,1176199700,15243696128.00
SH000858,2018-08-31,5570.0000,5608.2100,5518.1100,5521.5500,980035000,13336199168.00
SH000858,2018-09-03,5506.9900,5594.6600,5410.6200,5590.0400,1128335200,15334044672.00
SH000858,2018-09-04,5567.9400,5712.3100,5561.4100,5673.0200,1336475600,18910109696.00
SH000858,2018-09-05,5656.4800,5698.1400,5584.5600,5584.5600,1096097700,14976215040.00
SH000858,2018-09-06,5558.3300,5681.4600,5548.7200,5601.9300,1128857300,14779735040.00
SH000858,2018-09-07,5607.2000,5696.8100,5457.9200,5494.0100,1368358800,20472627200.00
SH000858,2018-09-10,5471.4900,5471.8500,5335.5400,5343.5900,1109025300,14178610176.00
SH000858,2018-09-11,5346.3800,5447.7300,5318.3900,5399.0100,999238100,11742291968.00
SH000858,2018-09-12,5399.5300,5462.7300,5357.9900,5378.4500,931105500,11491430400.00
SH000858,2018-09-13,5441.1000,5471.3300,5317.6800,5426.1300,1109893100,14455074816.00
SH000858,2018-09-14,5430.3400,5431.6900,5283.5900,5283.8100,1082703300,13943516160.00
SH000858,2018-09-17,5254.5100,5260.5100,5184.0200,5215.9200,877461600,10351951872.00
SH000858,2018-09-18,5191.9300,5323.3900,5189.9200,5322.5500,995364700,12471675904.00
SH000858,2018-09-19,5311.1600,5449.4400,5279.7900,5377.7200,1220015900,15116059648.00
SH000858,2018-09-20,5370.2200,5411.4800,5339.3800,5355.4500,976321900,11057682432.00
SH000858,2018-09-21,5369.2300,5422.9200,5312.9000,5416.6000,1064193300,12295426048.00
SH000858,2018-09-25,5379.5700,5438.6700,5361.8700,5394.2700,772031500,10452005888.00
SH000858,2018-09-26,5389.8300,5443.9300,5360.6900,5409.5800,919115900,11595369472.00
SH000858,2018-09-27,5398.5800,5417.1000,5292.3100,5292.4500,1007119400,11417257984.00
SH000858,2018-09-28,5301.4200,5324.0800,5242.0300,5323.6800,1037580200,11531664384.00
SH000858,2018-10-08,5203.9600,5222.8600,5083.9100,5089.4700,985774700,11365576704.00
SH000858,2018-10-09,5105.3800,5142.7600,5005.1400,5034.1200,758228400,9549859840.00
SH000858,2018-10-10,5038.2800,5073.6100,4965.3900,5044.9800,696175800,8703963136.00
SH000858,2018-10-11,4855.2200,4896.3300,4626.0200,4649.9100,1347524200,13857126400.00
SH000858,2018-10-12,4611.0900,4660.3200,4460.6400,4622.1000,1284951700,12437791744.00
SH000858,2018-10-15,4642.2300,4712.8400,4549.2100,4553.9400,1011522200,11140508672.00
SH000858,2018-10-16,4543.7800,4580.7700,4375.2400,4412.3800,996174500,10983208960.00
SH000858,2018-10-17,4470.7800,4533.6100,4379.5700,4516.0400,1193877400,13274067968.00
SH000858,2018-10-18,4479.1100,4525.3800,4419.0200,4430.2000,1048017700,10581738496.00
SH000858,2018-10-19,4359.6300,4607.9100,4348.2000,4598.3400,1335446500,13541489664.00
SH000858,2018-10-22,4660.9000,4886.1500,4659.5900,4832.7200,1659195600,18091309056.00
SH000858,2018-10-23,4832.9300,4841.2000,4700.9100,4725.0100,1271468300,13282292736.00
SH000858,2018-10-24,4716.0000,4757.3700,4664.1200,4692.7800,923279000,9582426112.00
SH000858,2018-10-25,4535.3000,4657.0100,4501.0400,4635.6000,1112219000,11855775744.00
SH000858,2018-10-26,4682.0300,4725.1000,4604.2300,4629.2600,976603500,10320903168.00
SH000858,2018-10-29,4619.7300,4673.6800,4551.7600,4582.6400,969115200,9726164992.00
SH000858,2018-10-30,4572.5600,4658.2900,4456.8600,4605.4900,1238087700,12535590912.00
SH000858,2018-10-31,4616.0700,4719.4300,4607.6700,4677.8000,1234934400,12172627968.00
SH000858,2018-11-01,4749.4700,4855.9200,4736.6900,4747.3400,1647702500,17852944384.00
SH000858,2018-11-02,4858.3700,4938.0500,4848.7800,4938.0100,1789162800,19698540544.00
SH000858,2018-11-05,4936.1700,4989.3700,4834.4500,4927.5600,1620093600,17141076992.00
SH000858,2018-11-06,4904.1300,4918.2700,4829.6200,4914.7400,1232226600,12114295808.00
SH000858,2018-11-07,4906.4100,4986.1600,4893.1700,4900.3800,1349099900,14540026880.00
SH000858,2018-11-08,4945.9600,4953.6900,4832.4400,4834.2300,1244341400,11902503936.00
SH000858,2018-11-09,4804.6900,4876.4900,4794.6500,4833.2500,962851600,9149924352.00
SH000858,2018-11-12,4814.3000,4996.1300,4812.7100,4996.1300,1391632400,13678642176.00
SH000858,2018-11-13,4928.2200,5108.6400,4917.9100,5070.7300,2262929600,18857302016.00
SH000858,2018-11-14,5067.6300,5121.5300,5043.9600,5074.6000,1977095600,16982821888.00
SH000858,2018-11-15,5067.3000,5171.3500,5062.1600,5171.2500,1766108600,17072008192.00
SH000858,2018-11-16,5168.9700,5248.8600,5144.6100,5198.9900,1850311600,19355807744.00
SH000858,2018-11-19,5181.5900,5200.0600,5107.8900,5160.8700,1643917100,15964134400.00
SH000858,2018-11-20,5108.0000,5150.7100,5011.1400,5012.4100,1507685700,15463729152.00
SH000858,2018-11-21,4945.3500,5021.8500,4930.7300,5005.1600,1274298300,12627166208.00
SH000858,2018-11-22,5022.0600,5052.3200,4978.2300,5002.6800,1161857000,10742827008.00
SH000858,2018-11-23,4999.1000,5005.0000,4789.3900,4800.7200,1432063400,13461378048.00
SH000858,2018-11-26,4794.6300,4845.9500,4764.7800,4793.8100,967710200,9706528768.00
SH000858,2018-11-27,4830.5400,4883.9000,4798.6400,4838.8100,1137784400,11040073728.00
SH000858,2018-11-28,4839.7900,4910.6300,4766.2400,4910.0200,1288760500,12095824896.00
SH000858,2018-11-29,4930.0400,4943.3600,4759.1500,4759.5300,1217550400,11956835328.00
SH000858,2018-11-30,4732.0900,4790.6900,4656.0100,4778.3800,1009497100,9808741376.00
SH000858,2018-12-03,4914.3800,4995.4200,4890.1600,4969.7400,1817985400,18166343680.00
SH000858,2018-12-04,4958.2000,4977.9400,4921.4100,4967.5700,1396123600,13224631296.00
SH000858,2018-12-05,4867.7300,4960.3700,4855.1900,4931.3600,1308570900,12393447424.00
SH000858,2018-12-06,4881.7800,4884.6700,4793.3600,4805.1100,1289138800,13560206336.00
SH000858,2018-12-07,4823.4600,4864.5400,4820.7300,4831.9800,895878300,9321970688.00
SH000858,2018-12-10,4791.0500,4837.6200,4777.9600,4792.3800,899252800,9206265856.00
SH000858,2018-12-11,4809.8600,4851.2900,4796.4500,4840.8700,836163200,8631284736.00
SH000858,2018-12-12,4856.0800,4863.4300,4786.4300,4796.8000,747295400,7426668544.00
SH000858,2018-12-13,4813.5600,4886.4500,4782.8500,4852.2100,947228100,10080320512.00
SH000858,2018-12-14,4842.9400,4845.4200,4700.5600,4706.4300,1139556800,10721395712.00
SH000858,2018-12-17,4684.7100,4712.7600,4624.4000,4670.5500,720891700,6669044224.00
SH000858,2018-12-18,4642.4300,4691.7200,4599.9700,4656.4700,696033500,6255831040.00
SH000858,2018-12-19,4663.8900,4665.3200,4573.4900,4579.9300,599451200,5818885120.00
SH000858,2018-12-20,4571.7900,4630.3900,4567.4100,4612.2400,602964900,5778459648.00
SH000858,2018-12-21,4597.4700,4655.7500,4591.8100,4625.1500,736506800,7107237376.00
SH000858,2018-12-24,4615.7400,4691.7600,4601.6400,4691.2200,703563600,7120851968.00
SH000858,2018-12-25,4638.1800,4691.7600,4532.4700,4665.4700,1020219400,9501128704.00
SH000858,2018-12-26,4658.3900,4680.1300,4618.8900,4623.2000,688933100,6509643264.00
SH000858,2018-12-27,4694.5700,4704.6700,4543.7300,4543.7300,881438900,8292354560.00
SH000858,2018-12-28,4555.8900,4566.4500,4491.0500,4505.4000,799874300,7664633344.00
SH000858,2019-01-02,4514.8600,4538.5100,4490.5800,4503.1400,671763800,6731502080.00
SH000858,2019-01-03,4499.0800,4550.2800,4446.9900,4447.8800,782694600,7525642752.00
SH000858,2019-01-04,4392.2500,4585.2800,4384.1100,4579.0700,1102935100,10074738688.00
SH000858,2019-01-07,4608.0400,4719.0000,4596.9000,4704.7400,1174716500,11618855936.00
SH000858,2019-01-08,4694.5000,4726.7600,4670.7200,4686.8500,1012164900,9480726528.00
SH000858,2019-01-09,4697.9400,4782.3000,4676.7600,4697.1600,1221515000,11662687232.00
SH000858,2019-01-10,4695.6400,4762.6800,4693.0800,4706.3700,1023273600,9554176000.00
SH000858,2019-01-11,4718.7800,4775.4300,4708.2300,4756.8200,1048125000,9267562496.00
SH000858,2019-01-14,4764.0400,4767.9800,4677.3600,4693.5700,874483900,7605520896.00
SH000858,2019-01-15,4683.3100,4778.6500,4680.3300,4774.3000,1032765800,9174109184.00
SH000858,2019-01-16,4775.2400,4834.5700,4758.6500,4761.1200,1187987000,11493218304.00
SH000858,2019-01-17,4757.8200,4757.8200,4683.9700,4690.1100,1031954100,8810778624.00
SH000858,2019-01-18,4688.9700,4751.4000,4661.3600,4748.6800,1013978800,9058581504.00
SH000858,2019-01-21,4755.2600,4819.6500,4734.8600,4785.6900,1044503700,10239511552.00
SH000858,2019-01-22,4781.0400,4781.0400,4690.3600,4712.5500,979562000,8581288960.00
SH000858,2019-01-23,4699.3900,4717.4500,4672.6600,4698.2400,716324100,6157376512.00
SH000858,2019-01-24,4707.5200,4837.7600,4687.6900,4796.7800,1157076200,11804255232.00
SH000858,2019-01-25,4794.6200,4820.1600,4761.2300,4764.5700,1110459400,11109934080.00
SH000858,2019-01-28,4803.0700,4833.3800,4743.7800,4753.4200,1013997300,10111489024.00
SH000858,2019-01-29,4744.5400,4744.5400,4585.5800,4652.0600,1150786200,10491627520.00
SH000858,2019-01-30,4631.7700,4684.2300,4596.3700,4596.3700,869808800,8249948672.00
SH000858,2019-01-31,4567.7500,4640.4900,4523.5700,4559.0300,1164237100,9635594240.00
SH000858,2019-02-01,4558.6200,4716.9900,4558.6200,4711.4200,1200800300,10735901696.00
SH000858,2019-02-11,4728.4600,4880.3500,4728.4600,4874.2000,1280974000,12340203520.00
SH000858,2019-02-12,4871.6100,4932.4400,4863.7900,4912.9300,1395840500,12914982912.00
SH000858,2019-02-13,4930.1400,5063.6800,4913.9700,5045.1200,2122187600,20200996864.00
SH000858,2019-02-14,5045.2000,5099.2100,5012.3900,5070.0000,1956002800,16958030848.00
SH000858,2019-02-15,5055.6900,5096.8600,5032.0200,5038.4000,1790579200,15540467712.00
SH000858,2019-02-18,5079.9900,5280.2700,5079.9900,5277.0000,2221241600,21191917568.00
SH000858,2019-02-19,5312.0500,5365.2000,5235.0500,5323.4200,2562439000,24305068032.00
SH000858,2019-02-20,5305.1400,5315.4800,5219.4000,5308.6000,2133350000,19672414208.00
SH000858,2019-02-21,5305.0300,5491.0000,5289.9000,5333.1900,2609333200,27190069248.00
SH000858,2019-02-22,5331.2000,5552.7200,5330.2800,5552.7200,2764446800,25710548992.00
SH000858,2019-02-25,5705.4700,5949.4100,5680.8000,5920.5200,3706395200,39547359232.00
SH000858,2019-02-26,5959.2000,6031.4100,5806.5500,5859.6000,4396862400,39964790784.00
SH000858,2019-02-27,5837.6100,5901.6200,5711.9700,5789.4900,3338640000,32356245504.00
SH000858,2019-02-28,5783.3700,5887.7000,5751.7800,5794.0900,2657771400,24585568256.00
SH000858,2019-03-01,5833.1900,5849.7200,5707.8600,5816.6700,2455299200,22534238208.00
SH000858,2019-03-04,5902.3600,6089.5200,5878.9300,5947.4700,3848397600,37926031360.00
SH000858,2019-03-05,5936.0300,6274.7000,5913.9100,6274.7000,4166078000,42268016640.00
SH000858,2019-03-06,6356.0900,6416.6800,6210.0400,6402.8100,4785342000,50128232448.00
SH000858,2019-03-07,6389.2900,6641.4700,6369.9900,6556.6100,4448290400,47702110208.00
SH000858,2019-03-08,6387.2900,6881.2000,6317.3700,6579.8500,5829820000,66423984128.00
SH000858,2019-03-11,6723.8800,6872.0800,6553.2700,6871.7700,4717344000,58864648192.00
SH000858,2019-03-12,6921.0700,7051.3900,6878.8200,7046.9000,4734408000,57342386176.00
SH000858,2019-03-13,7057.2100,7057.2100,6595.2800,6662.0300,4641308800,59624071168.00
SH000858,2019-03-14,6556.9000,6609.3300,6331.7200,6438.5800,3265361200,36369383424.00
SH000858,2019-03-15,6482.2500,6532.2200,6337.9500,6388.7100,2530017200,30483851264.00
SH000858,2019-03-18,6401.4700,6533.5600,6300.3200,6533.3900,2472782600,28741437440.00
SH000858,2019-03-19,6526.0300,6766.0300,6502.6700,6650.8400,2643200000,33259184128.00
SH000858,2019-03-20,6676.6900,6686.0000,6458.3800,6594.9600,3187886800,34940575744.00
SH000858,2019-03-21,6623.2900,6862.7500,6595.6700,6778.1300,4019784800,46528565248.00
SH000858,2019-03-22,6783.8300,6801.1900,6624.3900,6781.6600,3311041600,40568463360.00
SH000858,2019-03-25,6641.0700,6845.7600,6627.8800,6752.6000,2832348600,36479029248.00
SH000858,2019-03-26,6780.1000,6810.6400,6521.7600,6539.6800,3130070600,41375399936.00
SH000858,2019-03-27,6593.5400,6604.2400,6350.9800,6562.2300,2587543400,32509329408.00
SH000858,2019-03-28,6524.6600,6733.9600,6470.6700,6472.8400,2639923800,35752058880.00
SH000858,2019-03-29,6472.4600,6738.8500,6386.5600,6738.7700,3032362800,40878923776.00
SH000858,2019-04-01,6802.8700,7068.7500,6802.8700,7057.4500,3731477600,49833422848.00
SH000858,2019-04-02,7095.8500,7209.0700,7007.4300,7041.1900,3785380800,51651461120.00
SH000858,2019-04-03,7004.4400,7096.8600,6953.3100,7061.5300,2779926800,35974250496.00
SH000858,2019-04-04,7102.3800,7120.9600,6976.5300,7060.0000,2713694800,36529790976.00
SH000858,2019-04-08,7088.9500,7101.0600,6784.0700,6856.6300,2844777600,37739565056.00
SH000858,2019-04-09,6834.3800,6974.3400,6803.3100,6917.1500,2066911200,27941718016.00
SH000858,2019-04-10,6887.8400,6951.2000,6777.0500,6875.4400,2244416800,29478961152.00
SH000858,2019-04-11,6872.3800,6890.5000,6679.9800,6687.6400,2081641600,26970284032.00
SH000858,2019-04-12,6691.4200,6735.8400,6631.6000,6689.2600,1606794800,19998543872.00
SH000858,2019-04-15,6801.2600,6881.4700,6639.3900,6640.1500,2171290000,28233144320.00
SH000858,2019-04-16,6580.6900,6876.3400,6523.6300,6876.3400,2329874800,30276286464.00
SH000858,2019-04-17,6883.1300,6949.3900,6833.3200,6874.9900,2396574400,29014130688.00
SH000858,2019-04-18,6868.7900,6919.6400,6805.0800,6844.5300,2160737200,25002981376.00
SH000858,2019-04-19,6821.8200,6864.5700,6757.1900,6864.5600,1780237800,21862658048.00
SH000858,2019-04-22,6869.9200,6902.3100,6762.5000,6784.5800,2067679400,26345777152.00
SH000858,2019-04-23,6760.2400,6761.5200,6601.8200,6626.7600,1860229600,23806478336.00
SH000858,2019-04-24,6638.5100,6789.7300,6543.0900,6774.9200,2076957200,26621108224.00
SH000858,2019-04-25,6737.8500,6784.1500,6500.9300,6502.0000,2178838800,25634877440.00
SH000858,2019-04-26,6468.2200,6656.6100,6466.2400,6514.4400,1908342000,23074424832.00
SH000858,2019-04-29,6526.0000,6558.2500,6241.6100,6266.3700,2418768600,26498861056.00
SH000858,2019-04-30,6224.4400,6375.4400,6205.5300,6297.6000,1765043200,19547097088.00
SH000858,2019-05-06,6016.3100,6023.1800,5706.8100,5724.0800,2138092600,22031886336.00
SH000858,2019-05-07,5746.4900,5785.9300,5631.2200,5757.9100,1907771600,20370743296.00
SH000858,2019-05-08,5612.6700,5897.7200,5581.6600,5752.2100,1905170800,20331898880.00
SH000858,2019-05-09,5702.7200,5839.9400,5702.7200,5733.4900,1449748300,16745170944.00
SH000858,2019-05-10,5828.4300,6074.1800,5692.3800,6070.5300,2219561800,26346385408.00
SH000858,2019-05-13,6005.8300,6067.6700,5931.5500,5965.0400,1692379000,21365442560.00
SH000858,2019-05-14,5886.1300,6010.8100,5884.8900,5924.8500,1684795200,20955615232.00
SH000858,2019-05-15,5986.7000,6059.2300,5955.0500,6047.9500,1707374800,21134043136.00
SH000858,2019-05-16,6041.7600,6041.7600,5960.7500,6020.1800,1705565200,20961886208.00
SH000858,2019-05-17,6072.6000,6142.8900,5819.2400,5844.6400,2159505000,28849227776.00
SH000858,2019-05-20,5885.9000,5944.1700,5812.7000,5933.7600,2133833400,26072170496.00
SH000858,2019-05-21,5908.8900,6075.9000,5868.6700,6023.1000,2344584800,28278720512.00
SH000858,2019-05-22,6023.6800,6122.4400,5996.8000,6107.1800,2322546400,28958195712.00
SH000858,2019-05-23,6085.1600,6085.1600,5897.7100,5906.9300,2179925600,28530372608.00
SH000858,2019-05-24,5854.2000,5922.7800,5798.3300,5801.8300,1760588000,21837213696.00
SH000858,2019-05-27,5812.3700,6069.4300,5790.3800,6058.6400,1954524800,24738412544.00
SH000858,2019-05-28,6079.5600,6106.2700,6013.4000,6053.8600,1937637800,25796986880.00
SH000858,2019-05-29,6034.9500,6107.0500,5999.0300,6038.8200,1852273600,25293127680.00
SH000858,2019-05-30,5987.0300,5987.0300,5818.6200,5915.8700,1733786000,21651517440.00
SH000858,2019-05-31,5911.4900,5992.9800,5885.4700,5901.8400,1443417400,18139830272.00
SH000858,2019-06-03,5946.0600,5960.1800,5793.0100,5856.6700,1721654000,21428873216.00
SH000858,2019-06-04,5858.8500,5930.6700,5759.8600,5807.7800,1657596500,24087552000.00
SH000858,2019-06-05,5880.0300,5898.0100,5774.3300,5804.9500,1444282900,19532681216.00
SH000858,2019-06-06,5795.7300,5795.7300,5607.3600,5615.9300,1581098200,18904109056.00
SH000858,2019-06-10,5644.2800,5763.6000,5617.4400,5727.4400,1320324100,15791010816.00
SH000858,2019-06-11,5725.5700,5940.3500,5653.4300,5939.2700,2092258400,25135843328.00
SH000858,2019-06-12,5906.7300,5955.9100,5870.0900,5885.8500,2018350400,23549906944.00
SH000858,2019-06-13,5862.0200,5937.2100,5846.6100,5900.7700,1648815100,18297602048.00
SH000858,2019-06-14,5915.9600,5957.8400,5735.9300,5745.5000,1683308800,18912079872.00
SH000858,2019-06-17,5736.1000,5768.8700,5682.4100,5728.8300,1273234600,14414255104.00
SH000858,2019-06-18,5727.9700,5778.2100,5685.6200,5714.0100,1135404200,12303089664.00
SH000858,2019-06-19,5896.8000,5927.3300,5837.8200,5839.0500,1876621600,22984593408.00
SH000858,2019-06-20,5821.9200,5987.1300,5785.8400,5935.5700,1887982000,21915531264.00
SH000858,2019-06-21,5988.3300,6114.8300,5988.3300,6081.6700,2252395200,26664941568.00
SH000858,2019-06-24,6110.7200,6150.2400,6030.3300,6068.3000,1677773200,19660304384.00
SH000858,2019-06-25,6066.6600,6067.7700,5902.3200,5978.0000,1623803700,18928314368.00
SH000858,2019-06-26,5938.7300,6038.1000,5920.4900,5988.7800,1161722200,14855469056.00
SH000858,2019-06-27,6035.0500,6153.3300,6035.0500,6121.7700,1553104500,20791404544.00
SH000858,2019-06-28,6119.3800,6119.3800,5995.9100,6036.2700,1563027100,19859785728.00
SH000858,2019-07-01,6211.0300,6324.8500,6165.5100,6324.6800,2698936800,34761588736.00
SH000858,2019-07-02,6306.9200,6324.3000,6211.9200,6240.5800,2256868800,25872379904.00
SH000858,2019-07-03,6218.4000,6219.9100,6109.5300,6144.1700,1791300000,20039208960.00
SH000858,2019-07-04,6147.9400,6169.7500,6058.0000,6094.0100,1485771600,15821462528.00
SH000858,2019-07-05,6095.1000,6145.3800,6082.9300,6127.6300,1180411600,13556402176.00
SH000858,2019-07-08,6102.9300,6103.1600,5826.7500,5862.1000,1701312400,19625617408.00
SH000858,2019-07-09,5856.2500,5893.7200,5784.8600,5851.3000,1085533800,12365628416.00
SH000858,2019-07-10,5874.0500,5883.0900,5793.3800,5822.4000,1133446000,12177086464.00
SH000858,2019-07-11,5851.0400,5896.1700,5751.5700,5784.6300,1244362700,13571614720.00
SH000858,2019-07-12,5792.1000,5818.6400,5729.0300,5796.4300,1187723900,11150038016.00
SH000858,2019-07-15,5773.8600,5999.4300,5719.0200,5952.8700,1667852900,19153168384.00
SH000858,2019-07-16,5936.8000,6000.8900,5919.1800,5978.6200,1416914200,15028163584.00
SH000858,2019-07-17,5975.4600,6065.4500,5955.7700,6015.5500,1666735000,17962870784.00
SH000858,2019-07-18,5969.6900,5969.6900,5863.2200,5863.8700,1597990800,15404612608.00
SH000858,2019-07-19,5883.6100,5951.9700,5865.6500,5879.0200,1206180100,12298125312.00
SH000858,2019-07-22,5898.3200,5904.4800,5706.1300,5749.6100,1300613100,14326509568.00
SH000858,2019-07-23,5754.4000,5865.4800,5752.3100,5863.7500,1069831900,12395408384.00
SH000858,2019-07-24,5885.4200,6038.1200,5885.4200,5998.8500,1687579800,20448974848.00
SH000858,2019-07-25,6022.3300,6144.7500,6009.7700,6108.5200,1982862200,25355651072.00
SH000858,2019-07-26,6097.8900,6120.6900,6055.4900,6097.9500,1551455300,19134803968.00
SH000858,2019-07-29,6103.6400,6180.3200,6094.8400,6147.8500,1456528900,18707234816.00
SH000858,2019-07-30,6161.8400,6236.3200,6135.6100,6156.2000,1574942200,19887771648.00
SH000858,2019-07-31,6148.0700,6189.1000,6136.7300,6155.2200,1440065900,17958909952.00
SH000858,2019-08-01,6114.2600,6161.4900,6087.8800,6137.1600,1457309300,18904096768.00
SH000858,2019-08-02,5967.0900,6059.0600,5944.2000,6043.8600,1664045300,21360060416.00
SH000858,2019-08-05,6021.0900,6152.0900,5984.1500,5986.3400,1595397700,20782233600.00
SH000858,2019-08-06,5832.5800,5901.9200,5687.9400,5867.2100,2015491400,23866046464.00
SH000858,2019-08-07,5904.2900,5914.2000,5759.1500,5759.1500,1361624700,17423386624.00
SH000858,2019-08-08,5788.9700,5871.3700,5778.0500,5860.7100,1342967000,17776883712.00
SH000858,2019-08-09,5902.2100,5952.2400,5780.5300,5793.0600,1576602900,22208327680.00
SH000858,2019-08-12,5825.3400,6026.9400,5775.3100,6026.9400,1545272400,21798062080.00
SH000858,2019-08-13,5960.4300,6014.8200,5918.2900,5963.2100,1460228800,20763293696.00
SH000858,2019-08-14,6080.1100,6143.1100,5987.6100,5999.4800,2051318800,26560741376.00
SH000858,2019-08-15,5824.2200,6119.4800,5813.7700,6117.2100,2189825200,27795126272.00
SH000858,2019-08-16,6096.0200,6233.5700,6089.1300,6158.9000,2264800800,28906764288.00
SH000858,2019-08-19,6242.2500,6473.5900,6235.9600,6455.1800,2760633400,37259317248.00
SH000858,2019-08-20,6457.4200,6513.2300,6420.3000,6436.6100,2284198000,29848037376.00
SH000858,2019-08-21,6423.5500,6546.5600,6406.6300,6504.6400,2178461200,29726769152.00
SH000858,2019-08-22,6511.7900,6545.3300,6421.4200,6483.9100,2175811600,29282476032.00
SH000858,2019-08-23,6486.8000,6529.1700,6415.3400,6463.1000,2051989200,27262398464.00
SH000858,2019-08-26,6331.5600,6443.2900,6326.8100,6423.1700,2033832000,28267575296.00
SH000858,2019-08-27,6458.0000,6639.6800,6454.0800,6562.8100,2621352400,36522618880.00
SH000858,2019-08-28,6536.2000,6583.1100,6496.7400,6532.2200,2239598400,29995077632.00
SH000858,2019-08-29,6557.5400,6704.4300,6551.5100,6661.4600,2643833000,36562579456.00
SH000858,2019-08-30,6737.8700,6804.1300,6517.3300,6567.8800,3000571600,46301151232.00
SH000858,2019-09-02,6586.5700,6877.7000,6576.0400,6853.4600,2648323600,40893272064.00
SH000858,2019-09-03,6890.5300,7078.2700,6880.4400,7078.1200,3523075200,52212224000.00
SH000858,2019-09-04,7051.4600,7164.7600,6985.7700,7120.5500,3348162000,48980303872.00
SH000858,2019-09-05,7154.2400,7436.0200,7134.2800,7253.4800,4130935600,60297613312.00
SH000858,2019-09-06,7280.8000,7363.8700,7166.5700,7285.2500,3157906800,48721965056.00
SH000858,2019-09-09,7372.6200,7611.8400,7305.4700,7611.8400,3885466000,55224127488.00
SH000858,2019-09-10,7604.5900,7612.4500,7373.8400,7435.6200,3558816400,54279045120.00
SH000858,2019-09-11,7460.8500,7522.2800,7362.7500,7414.5200,2717610800,41746833408.00
SH000858,2019-09-12,7441.6800,7450.8800,7348.9200,7407.8900,2201168000,33835472896.00
SH000858,2019-09-16,7445.7100,7617.6000,7407.7500,7544.3100,2923348800,45284139008.00
SH000858,2019-09-17,7499.4000,7499.4000,7275.1500,7351.1100,2902258400,43286794240.00
SH000858,2019-09-18,7363.7600,7418.2300,7237.9400,7348.5700,2496324800,35049459712.00
SH000858,2019-09-19,7357.0400,7463.2100,7316.9800,7463.2100,2461160400,35503788032.00
SH000858,2019-09-20,7491.1500,7595.3000,7448.5800,7528.5400,2620258200,43137916928.00
SH000858,2019-09-23,7501.8500,7613.7200,7419.8500,7613.4800,2635919200,44354203648.00
SH000858,2019-09-24,7591.2000,7733.8100,7581.5200,7644.3000,2896904000,47434412032.00
SH000858,2019-09-25,7576.0800,7590.0000,7346.4700,7354.9500,2923750000,46348091392.00
SH000858,2019-09-26,7373.3100,7385.6400,7013.2800,7017.4600,2629972800,40264310784.00
SH000858,2019-09-27,7034.1000,7228.8700,7034.1000,7158.8700,2177411600,30830653440.00
SH000858,2019-09-30,7172.9400,7185.4300,6972.3600,6972.4400,2012324400,27244959744.00
SH000858,2019-10-08,7001.3400,7075.6900,6869.2200,6877.3700,1791478800,25812678656.00
SH000858,2019-10-09,6848.8000,6960.0100,6776.1200,6957.4800,1722292400,23804590080.00
SH000858,2019-10-10,6957.3200,7102.4300,6941.7100,7089.2100,1990428000,27617650688.00
SH000858,2019-10-11,7132.0800,7149.8800,7004.8700,7087.2600,2205316400,30820665344.00
SH000858,2019-10-14,7167.6800,7297.3600,7142.2200,7283.7300,2611470600,35949850624.00
SH000858,2019-10-15,7198.4000,7198.4800,7012.1300,7024.4400,2256861600,30550759424.00
SH000858,2019-10-16,7017.4800,7063.9200,6958.7200,6968.7000,1590360200,21816193024.00
SH000858,2019-10-17,6983.3300,7048.9900,6950.0900,7008.7000,1689932000,22073118720.00
SH000858,2019-10-18,7003.0100,7044.3300,6842.2700,6859.9200,1744011000,22383806464.00
SH000858,2019-10-21,6859.0800,6859.1600,6687.1100,6824.0700,1430745500,18574784512.00
SH000858,2019-10-22,6839.7900,6985.3800,6838.0000,6979.9400,1553406400,21649905664.00
SH000858,2019-10-23,6978.9900,7011.2300,6899.5600,6944.8500,1822017200,23324366848.00
SH000858,2019-10-24,6919.8800,6930.5700,6807.0200,6883.7500,1463938700,19088289792.00
SH000858,2019-10-25,6874.0100,6980.4100,6798.8200,6974.0400,1645828600,23086827520.00
SH000858,2019-10-28,7201.0500,7310.1000,7147.7300,7304.3600,2864117800,39050084352.00
SH000858,2019-10-29,7311.7200,7311.7200,7069.4500,7069.4500,4032899600,46825676800.00
SH000858,2019-10-30,6976.2900,7065.9700,6888.3900,6970.9700,2606300200,31368740864.00
SH000858,2019-10-31,6955.3200,7030.4300,6873.3700,6878.8100,2104504800,28208070656.00
SH000858,2019-11-01,6857.3900,6954.3200,6838.2600,6934.1600,1889669600,22914400256.00
SH000858,2019-11-04,6961.8100,7085.6800,6951.3700,7019.6900,2241139400,28179261440.00
SH000858,2019-11-05,7029.1900,7087.7000,6975.5900,7072.4700,1954818000,25488052224.00
SH000858,2019-11-06,7052.9800,7073.0900,6899.6000,6931.8400,1893734400,26704121856.00
SH000858,2019-11-07,6920.5500,7006.4600,6884.3800,6981.2200,1797674800,22896142336.00
SH000858,2019-11-08,7043.4900,7106.0500,6976.1100,6986.4700,2103521200,28231952384.00
SH000858,2019-11-11,6904.5300,6926.2100,6778.6700,6790.6000,1786704000,23984809984.00
SH000858,2019-11-12,6804.2100,6811.2800,6659.2200,6800.4900,1659272600,22420867072.00
SH000858,2019-11-13,6781.7500,6857.1200,6744.7700,6847.2200,1351044000,20920199168.00
SH000858,2019-11-14,6849.9500,7033.6200,6833.7900,7001.6100,1880517200,29260976128.00
SH000858,2019-11-15,6985.6600,7107.2100,6975.2000,6977.4800,1945849800,31044370432.00
SH000858,2019-11-18,6958.0100,6996.0000,6895.1800,6960.5200,1626642300,24184481792.00
SH000858,2019-11-19,6949.9800,7120.3700,6930.8400,7120.3700,2019583200,28146974720.00
SH000858,2019-11-20,7133.7700,7219.7200,7091.9700,7094.3500,2602036400,36375187456.00
SH000858,2019-11-21,7040.2400,7115.4600,7016.1100,7070.8100,1945792800,24246796288.00
SH000858,2019-11-22,7070.0700,7180.8200,6879.1700,6928.6600,2276313200,31850573824.00
SH000858,2019-11-25,6929.5600,6931.0200,6712.4100,6757.7500,1759521200,23923755008.00
SH000858,2019-11-26,6779.5600,6859.7800,6774.6100,6821.8100,1814108800,21899536384.00
SH000858,2019-11-27,6799.9500,6953.2300,6781.9500,6906.1800,1954431600,24361637888.00
SH000858,2019-11-28,6879.2700,6919.9500,6854.7600,6876.9400,1437906800,18580688896.00
SH000858,2019-11-29,6872.0000,6940.3900,6844.3100,6933.8600,1585153700,20872337408.00
SH000858,2019-12-02,6941.3100,7042.6300,6906.2300,7012.0100,1652128400,22518151168.00
SH000858,2019-12-03,6982.4000,7090.6700,6929.2000,7090.6700,1630880900,23650428928.00
SH000858,2019-12-04,7035.8900,7149.0400,7028.1600,7089.0900,1699217200,25524389888.00
SH000858,2019-12-05,7104.1200,7261.6900,7079.4800,7216.5900,2111251600,31907147776.00
SH000858,2019-12-06,7218.9200,7326.3000,7187.7000,7326.3000,2235660400,32603283456.00
SH000858,2019-12-09,7357.4300,7459.9000,7355.8500,7395.6700,2460032000,37104287744.00
SH000858,2019-12-10,7364.3600,7539.8900,7308.8500,7534.0300,2577490000,37447180288.00
SH000858,2019-12-11,7514.8700,7574.1300,7446.6400,7479.3700,2521367600,37107056640.00
SH000858,2019-12-12,7478.8200,7584.4900,7454.9200,7480.7400,2377655000,35173515264.00
SH000858,2019-12-13,7577.9100,7591.7600,7447.2500,7544.6900,2346355800,35875229696.00
SH000858,2019-12-16,7584.9900,7843.7800,7580.8300,7841.9500,3286447600,45758992384.00
SH000858,2019-12-17,7853.1100,7947.2900,7813.8900,7897.7000,3697164800,49421385728.00
SH000858,2019-12-18,7905.4200,8013.0200,7896.7100,7941.0400,3224551600,43764756480.00
SH000858,2019-12-19,7943.8000,7968.9400,7843.3900,7871.5600,2960385800,41986449408.00
SH000858,2019-12-20,7854.2800,7882.0600,7685.9000,7686.6300,2864332200,37082316800.00
SH000858,2019-12-23,7596.7500,7646.2900,7481.9500,7489.4900,2430815600,33113137152.00
SH000858,2019-12-24,7522.2700,7637.4900,7488.8700,7634.1400,1855106400,25491070976.00
SH000858,2019-12-25,7615.2600,7808.1800,7609.2000,7754.6700,2471658600,36413325312.00
SH000858,2019-12-26,7744.5000,7777.0400,7685.5500,7773.5900,1973226400,27669170176.00
SH000858,2019-12-27,7795.3200,7818.2400,7581.1400,7583.4200,2547550600,34034630656.00
SH000858,2019-12-30,7522.8300,7652.0100,7374.5100,7631.3400,2114443000,28370214912.00
SH000858,2019-12-31,7623.8700,7705.6600,7555.5100,7615.7200,1775600800,22845667328.00
SH000858,2020-01-02,7675.2400,7925.9400,7624.8100,7899.1300,2904517200,39811506176.00
SH000858,2020-01-03,7919.1500,7975.5800,7872.8500,7951.8100,2568462400,36427378688.00
SH000858,2020-01-06,7899.9900,8178.8800,7876.5900,8098.3300,3399903600,49660456960.00
SH000858,2020-01-07,8103.6900,8233.7900,8096.7000,8233.7900,3249673400,45201981440.00
SH000858,2020-01-08,8163.1600,8228.2800,8038.1100,8043.9100,3341405600,45827674112.00
SH000858,2020-01-09,8147.6300,8250.3100,8131.7700,8250.2000,3034404400,43073769472.00
SH000858,2020-01-10,8280.4700,8293.2900,8155.5800,8227.6400,2604811200,37927702528.00
SH000858,2020-01-13,8214.2500,8452.8700,8198.5600,8452.8700,2827659400,44664848384.00
SH000858,2020-01-14,8507.4000,8511.7800,8351.6900,8359.8090,2638719000,41704574976.00
SH000858,2020-01-15,8340.5590,8501.2800,8325.1290,8484.1200,2637382000,41744621568.00
SH000858,2020-01-16,8496.5300,8587.0000,8480.2100,8534.3890,3148638600,49195241472.00
SH000858,2020-01-17,8557.7000,8571.9200,8437.7000,8459.8490,2755194000,40882130944.00
SH000858,2020-01-20,8444.0790,8643.9090,8381.8080,8636.6990,2774858000,44521734144.00
SH000858,2020-01-21,8594.9790,8647.0290,8490.3780,8506.8690,2575682600,41098260480.00
SH000858,2020-01-22,8440.5390,8763.3190,8365.0590,8726.1990,2818452200,46816968704.00
SH000858,2020-01-23,8591.4790,8752.7490,8238.0480,8360.7680,3381733600,56668278784.00
SH000858,2020-02-03,7555.1790,7669.6490,7555.1790,7591.4990,1053438700,17385527296.00
SH000858,2020-02-04,7184.1490,7779.0290,7184.1490,7727.1290,3938344800,51782447104.00
SH000858,2020-02-05,7795.1690,8093.4390,7792.0590,7896.8990,3425254400,50676006912.00
SH000858,2020-02-06,7907.9090,8257.9290,7867.0290,8256.5890,3779560000,56602509312.00
SH000858,2020-02-07,8263.5090,8557.6290,8233.1590,8556.6990,4341162400,65900544000.00
SH000858,2020-02-10,8550.2990,8615.0490,8398.5890,8552.8490,3944450000,59869155328.00
SH000858,2020-02-11,8565.9290,8602.2090,8430.5390,8516.4400,3243583600,49825218560.00
SH000858,2020-02-12,8483.6200,8807.3400,8472.3900,8805.1500,3607750400,58130493440.00
SH000858,2020-02-13,8786.6790,8909.9690,8668.9800,8774.5790,3735377200,61849825280.00
SH000858,2020-02-14,8750.3190,9003.9390,8708.5580,8807.4280,3544157600,61045841920.00
SH000858,2020-02-17,8894.3990,9160.9390,8880.1990,9160.7580,3732486800,61989138432.00
SH000858,2020-02-18,9201.2790,9442.8990,9192.5180,9442.8990,4325847200,74183131136.00
SH000858,2020-02-19,9366.4090,9500.5690,9258.5980,9277.7990,4008687600,72187109376.00
SH000858,2020-02-20,9306.7390,9461.1190,9148.4890,9430.0290,4075395600,68756692992.00
SH000858,2020-02-21,9442.0390,9815.0590,9441.2590,9708.2390,4898454800,84288839680.00
SH000858,2020-02-24,9732.7990,10137.6590,9697.6190,10123.1790,5054077600,89441288192.00
SH000858,2020-02-25,9876.3390,10238.0890,9507.5090,10187.8890,6053441600,107065024512.00
SH000858,2020-02-26,9978.2300,10112.4800,9575.8600,9628.4600,5407675600,93715193856.00
SH000858,2020-02-27,9697.8500,9915.2410,9413.1510,9663.5800,4501719600,79890718720.00
SH000858,2020-02-28,9179.4800,9365.0800,8892.5490,8917.9100,4746664400,79390597120.00
SH000858,2020-03-02,9118.9300,9339.5400,8898.2900,9247.1910,4182402800,73290858496.00
SH000858,2020-03-03,9465.3500,9722.4410,9228.8900,9332.9700,4708384000,81980104704.00
SH000858,2020-03-04,9247.7410,9351.5600,8956.1510,9194.1610,3747679600,62358749184.00
SH000858,2020-03-05,9435.6210,9461.5410,9087.6310,9234.1810,3783049200,62211792896.00
SH000858,2020-03-06,9072.0010,9255.6210,9035.5410,9163.5810,3003449200,45903806464.00
SH000858,2020-03-09,8954.3810,9020.3710,8596.1710,8596.1710,3603954000,56341708800.00
SH000858,2020-03-10,8533.3010,9062.9310,8528.1920,9060.4210,3623777200,60065083392.00
SH000858,2020-03-11,9112.3810,9191.9820,8779.6310,8784.2410,3223228800,54241079296.00
SH000858,2020-03-12,8600.5710,8762.4300,8548.0710,8657.5810,2540453600,40825073664.00
SH000858,2020-03-13,8170.4010,8798.0410,8170.4010,8693.6310,3398395600,54944116736.00
SH000858,2020-03-16,8758.3010,8758.3010,8058.2010,8111.1810,3432942400,54695301120.00
SH000858,2020-03-17,8263.9010,8329.6510,7857.1910,8211.5010,2782865600,43293298688.00
SH000858,2020-03-18,8309.7210,8509.8710,8079.0210,8079.0210,3038146400,49396899840.00
SH000858,2020-03-19,8116.1310,8360.4510,8008.6610,8323.0910,2966696400,47644483584.00
SH000858,2020-03-20,8435.8710,8465.7510,8191.9010,8354.6810,2452750400,40805380096.00
SH000858,2020-03-23,8065.2810,8178.8310,7784.3410,7826.9410,2521892400,39227822080.00
SH000858,2020-03-24,8011.4410,8047.9610,7644.2210,7958.9410,2698469200,41211310080.00
SH000858,2020-03-25,8151.4510,8210.5410,8041.4910,8142.6810,2589128600,39543267328.00
SH000858,2020-03-26,8073.4510,8178.9610,8002.8010,8022.6310,1972446200,30414548992.00
SH000858,2020-03-27,8132.3610,8145.5710,7875.0410,7879.1210,1930276400,30049013760.00
SH000858,2020-03-30,7717.5410,7717.5410,7409.0110,7538.6310,2195390400,32168263680.00
SH000858,2020-03-31,7651.9810,7695.4510,7506.6210,7513.9210,1774417200,25108836352.00
SH000858,2020-04-01,7494.1210,7688.9110,7454.6910,7516.9910,1938598800,27433070592.00
SH000858,2020-04-02,7505.8510,7849.6010,7502.9310,7849.6010,2192350200,34382307328.00
SH000858,2020-04-03,7828.4610,7857.8110,7698.2510,7729.9610,1908358800,31628892160.00
SH000858,2020-04-07,7950.2110,8070.5110,7933.1310,8062.0310,2747422000,42117636096.00
SH000858,2020-04-08,8023.1010,8161.3510,8007.2210,8114.4310,2611606800,40230473728.00
SH000858,2020-04-09,8177.2910,8197.7910,8097.3610,8172.9210,2358095400,36146208768.00
SH000858,2020-04-10,8147.9510,8147.9510,7810.0810,7821.3510,2284945200,34853154816.00
SH000858,2020-04-13,7751.0810,7758.5110,7616.1310,7669.6510,1943529200,24801980416.00
SH000858,2020-04-14,7736.5910,7931.4510,7733.6510,7931.4510,2106402000,30342471680.00
SH000858,2020-04-15,7935.1810,8037.2910,7887.2610,7894.0210,2349991200,34842890240.00
SH000858,2020-04-16,7832.3210,8026.4410,7798.1010,7999.1910,2369567600,30467012608.00
SH000858,2020-04-17,8092.6510,8245.2610,8048.0910,8067.6410,3120628800,46525485056.00
SH000858,2020-04-20,8075.8810,8213.5810,8039.4410,8211.5110,2367247600,36002107392.00
SH000858,2020-04-21,8153.6710,8198.8310,8045.7810,8191.8710,2737530600,39856848896.00
SH000858,2020-04-22,8104.6010,8251.4510,8089.4510,8251.4510,2728572000,34092875776.00
SH000858,2020-04-23,8262.3010,8275.3620,8101.6610,8108.2610,2626724800,34945232896.00
SH000858,2020-04-24,8091.2610,8158.7710,7914.9110,7952.5510,2249675200,30581473280.00
SH000858,2020-04-27,7960.2710,7993.6210,7870.9110,7909.1210,1919872400,25242613760.00
SH000858,2020-04-28,7902.4410,7997.5510,7607.1210,7909.2510,2344420600,34296623104.00
SH000858,2020-04-29,7856.7910,7982.2210,7851.6410,7922.5610,1781603200,25687732224.00
SH000858,2020-04-30,8006.0710,8341.2710,8006.0710,8296.1310,2727169600,44384829440.00
sh000858,2020-05-06,8267.8910,8589.2020,8266.4310,8582.3510,3072907600,53568065536.00
sh000858,2020-05-07,8610.3410,8642.0610,8488.8910,8502.1610,2757790000,43929120768.00
sh000858,2020-05-08,8587.4010,8733.4410,8560.7600,8619.5500,2994528400,47286677504.00
sh000858,2020-05-11,8681.5600,8732.9010,8517.1610,8584.0500,2854292200,43109154816.00
sh000858,2020-05-12,8575.6300,8662.5400,8429.6200,8656.0800,2595311200,41440133120.00
sh000858,2020-05-13,8614.3300,8694.1700,8572.5900,8650.7300,2276870800,36403228672.00
sh000858,2020-05-14,8609.8600,8762.5800,8595.9500,8672.0400,2804345800,43019268096.00
sh000858,2020-05-15,8721.4000,8867.1790,8683.7300,8766.0090,2953638400,47942316032.00
sh000858,2020-05-18,8786.0090,8795.2300,8476.4590,8515.3600,3357012000,59832184832.00
sh000858,2020-05-19,8589.2190,8787.1190,8536.8690,8784.3600,2780080000,48802619392.00
sh000858,2020-05-20,8748.7400,8777.0400,8567.4290,8612.5700,2773116400,47415967744.00
sh000858,2020-05-21,8646.3400,8651.0800,8349.6200,8376.9410,2454497000,40365641728.00
sh000858,2020-05-22,8365.0810,8414.3610,8139.0610,8200.4410,2266592200,35443617792.00
sh000858,2020-05-25,8189.3400,8197.1600,8043.6200,8094.8700,1718157400,26856910848.00
sh000858,2020-05-26,8155.3700,8320.8000,8145.8200,8314.7000,1927262400,30444644352.00
sh000858,2020-05-27,8319.3700,8319.3700,8130.5100,8154.3900,1956105600,32177094656.00
sh000858,2020-05-28,8146.4500,8187.3100,7967.3500,8135.8900,1742918400,29205901312.00
sh000858,2020-05-29,8086.3100,8245.1700,8063.6100,8179.3800,1737378200,28133390336.00
sh000858,2020-06-01,8259.3710,8562.5810,8259.3710,8533.8810,2865714800,43653046272.00
sh000858,2020-06-02,8596.9020,8632.8810,8512.3510,8584.6220,3004472200,44103016448.00
sh000858,2020-06-03,8615.4820,8710.2420,8536.1810,8579.6920,2834304800,43101700096.00
sh000858,2020-06-04,8600.8320,8623.5610,8494.3720,8512.3020,2138434000,31933198336.00
sh000858,2020-06-05,8538.0120,8600.6420,8486.3630,8569.2720,2104629200,28297662464.00
sh000858,2020-06-08,8642.3520,8698.1130,8497.5730,8514.0730,2557250800,39055224832.00
sh000858,2020-06-09,8530.9530,8565.0030,8451.0620,8543.4830,2206199800,31201439744.00
sh000858,2020-06-10,8535.7330,8537.5120,8452.0030,8520.0220,1956492400,28622813184.00
sh000858,2020-06-11,8529.5830,8680.1030,8470.2830,8510.5130,2484534200,39570763776.00
sh000858,2020-06-12,8304.9630,8486.9630,8299.1530,8454.1430,2497481600,38745817088.00
sh000858,2020-06-15,8446.9840,8551.9840,8387.8240,8387.8240,2301600800,30952886272.00
sh000858,2020-06-16,8490.2340,8580.1540,8479.3430,8579.7940,2446317400,32062154752.00
sh000858,2020-06-17,8595.0740,8600.0630,8488.2440,8599.8840,2389682200,31003940864.00
sh000858,2020-06-18,8583.6140,8667.9540,8570.0340,8650.3640,2236518400,31157141504.00
sh000858,2020-06-19,8662.7230,8741.3430,8629.2230,8711.1830,2022776000,30141927424.00
sh000858,2020-06-22,8752.0230,8871.4730,8752.0230,8835.6540,2365390400,34291257344.00
sh000858,2020-06-23,8833.4940,8937.4640,8763.9040,8926.7040,2231824000,32414427136.00
sh000858,2020-06-24,8943.2840,9009.1940,8926.8130,8941.0740,2054682400,31585984512.00
